"Date","Transaction ID","Transaction Type","Currency","Amount","Fee","Net Amount","Asset Type","Asset Price","Asset Amount","Status","Notes","Name of sender/receiver","Account"
"2026-07-06 12:44:23 EDT","","Bitcoin Sell","USD","$10.00","-$0.20","$9.80","BTC","$63,170.74","0.0001583","COMPLETE","sale of BTC 0.00015830","","Cash Balance"
"2026-07-06 12:42:10 EDT","","Stock Buy","USD","-$10.00","$0.00","-$10.00","AAPL","$312.61","0.03198","COMPLETE","$10 Purchase of Apple","","Cash Balance"
"2026-07-06 12:41:54 EDT","","","USD","$10.00","$0.00","$10.00","NFLX","$76.31","0.13104","COMPLETE","$10 Sale of Netflix","","Cash Balance"
"2026-07-06 12:40:39 EDT","","Stock Buy","USD","-$10.00","$0.00","-$10.00","PLTR","$133.27","0.07503","COMPLETE","$10 Purchase of Palantir Technologies","","Cash Balance"
"2026-07-06 12:39:05 EDT","","Stock Buy","USD","-$10.00","$0.00","-$10.00","ORCL","$143.78","0.06954","COMPLETE","$10 Purchase of Oracle","","Cash Balance"
"2026-07-06 12:38:52 EDT","","Stock Buy","USD","-$10.00","$0.00","-$10.00","DELL","$410.94","0.02433","COMPLETE","$10 Purchase of Dell Technologies","","Cash Balance"
"2026-07-06 00:00:00 EDT","","Stock Dividends","USD","$0.04","$0.00","$0.04","BIV","","","COMPLETE","$0.04 Dividend from Vanguard Intermediate Term Bond ETF","","Cash Balance"
"2026-07-06 00:00:00 EDT","","Stock Dividends","USD","$0.07","$0.00","$0.07","JEPI","","","COMPLETE","$0.07 Dividend from JPMorgan Equity Premium Income ETF","","Cash Balance"
"2026-07-06 00:00:00 EDT","","Stock Dividends","USD","$0.05","$0.00","$0.05","BNDX","","","COMPLETE","$0.05 Dividend from Vanguard Total International Bond ETF","","Cash Balance"
"2026-07-06 00:00:00 EDT","","Stock Dividends","USD","$0.04","$0.00","$0.04","VTEB","","","COMPLETE","$0.04 Dividend from Vanguard Tax-Exempt Bond ETF","","Cash Balance"
"2026-07-06 00:00:00 EDT","","Stock Dividends","USD","$0.06","$0.00","$0.06","VGLT","","","COMPLETE","$0.06 Dividend from Vanguard Long-Treasury ETF","","Cash Balance"
"2026-07-06 00:00:00 EDT","","Stock Dividends","USD","$0.11","$0.00","$0.11","VMBS","","","COMPLETE","$0.11 Dividend from Vanguard Mortgage-Backed Securities ETF","","Cash Balance"
"2026-07-02 13:10:19 EDT","","Bitcoin Sell","USD","$20.00","-$0.40","$19.60","BTC","$61,217.07","0.00032671","COMPLETE","sale of BTC 0.00032671","","Cash Balance"
"2026-07-02 13:08:59 EDT","","Stock Buy","USD","-$10.00","$0.00","-$10.00","TXN","$291.46","0.03431","COMPLETE","$10 Purchase of Texas Instruments","","Cash Balance"
"2026-07-02 13:07:58 EDT","","Stock Buy","USD","-$10.00","$0.00","-$10.00","VDE","$150.14","0.0666","COMPLETE","$10 Purchase of Energy ETF Vanguard","","Cash Balance"
"2026-07-02 13:07:21 EDT","","","USD","$20.00","$0.00","$20.00","V","$358.68","0.05575","COMPLETE","$20 Sale of Visa","","Cash Balance"
"2026-07-02 13:06:46 EDT","","Stock Buy","USD","-$10.00","$0.00","-$10.00","META","$585.32","0.01708","COMPLETE","$10 Purchase of Meta","","Cash Balance"
"2026-07-02 13:05:37 EDT","","Stock Buy","USD","-$10.00","$0.00","-$10.00","DELL","$390.43","0.02561","COMPLETE","$10 Purchase of Dell Technologies","","Cash Balance"
"2026-07-02 10:54:10 EDT","","","USD","$9.29","$0.00","$9.29","CXSE","$37.74","0.24624","COMPLETE","$9.29 Sale of WisdomTree China ex-State-Owned Enterprises ETF","","Cash Balance"
"2026-07-02 09:30:14 EDT","","Stock Buy","USD","-$10.00","$0.00","-$10.00","MSFT","$383.99","0.02604","COMPLETE","$10 Purchase of Microsoft","","Cash Balance"
"2026-07-02 09:30:13 EDT","","","USD","$10.00","$0.00","$10.00","LITE","$778.00","0.01285","COMPLETE","$10 Sale of Lumentum","","Cash Balance"
"2026-07-02 09:30:12 EDT","","Stock Buy","USD","-$10.00","$0.00","-$10.00","INTU","$269.90","0.03705","COMPLETE","$10 Purchase of Intuit","","Cash Balance"
"2026-07-02 09:30:09 EDT","","Stock Buy","USD","-$10.00","$0.00","-$10.00","GOOG","$356.89","0.02801","COMPLETE","$10 Purchase of Alphabet Inc. Class C ","","Cash Balance"
"2026-07-02 09:30:07 EDT","","","USD","$20.89","$0.00","$20.89","ALKT","$18.81","1.11077","COMPLETE","$20.89 Sale of Alkami Technology","","Cash Balance"
"2026-07-02 09:30:06 EDT","","","USD","$10.00","$0.00","$10.00","TGT","$130.74","0.07648","COMPLETE","$10 Sale of Target","","Cash Balance"
"2026-07-02 09:30:05 EDT","","","USD","$11.36","$0.00","$11.36","ILMN","$185.00","0.06139","COMPLETE","$11.36 Sale of Illumina","","Cash Balance"
"2026-07-02 09:30:02 EDT","","","USD","$6.86","$0.00","$6.86","RUM","$6.27","1.09349","COMPLETE","$6.86 Sale of RUM Group","","Cash Balance"
"2026-07-02 09:30:02 EDT","","Stock Buy","USD","-$10.00","$0.00","-$10.00","JEPI","$56.33","0.17752","COMPLETE","$10 Purchase of JPMorgan Equity Premium Income ETF","","Cash Balance"
"2026-07-02 09:30:00 EDT","","Stock Buy","USD","-$10.00","$0.00","-$10.00","BSV","$77.71","0.12868","COMPLETE","$10 Purchase of Vanguard Short Term Bond ETF","","Cash Balance"
"2026-07-02 09:30:00 EDT","","Stock Buy","USD","-$10.00","$0.00","-$10.00","BIV","$76.38","0.13092","COMPLETE","$10 Purchase of Vanguard Intermediate Term Bond ETF","","Cash Balance"
"2026-07-02 00:00:00 EDT","","Stock Dividends","USD","$0.05","$0.00","$0.05","CRM","","","COMPLETE","$0.05 Dividend from Salesforce","","Cash Balance"
"2026-07-01 16:14:16 EDT","","Deposits","USD","$100.00","$0.00","$100.00","","","","COMPLETE","Add Cash","","Visa debit 3333"
"2026-07-01 15:15:32 EDT","","Stock Buy","USD","-$10.00","$0.00","-$10.00","HMC","$27.23","0.36727","COMPLETE","$10 Purchase of Honda Motor","","Cash Balance"
"2026-07-01 15:15:18 EDT","","Stock Buy","USD","-$10.00","$0.00","-$10.00","TM","$169.68","0.05893","COMPLETE","$10 Purchase of Toyota Motor","","Cash Balance"
"2026-07-01 15:14:58 EDT","","Stock Buy","USD","-$10.00","$0.00","-$10.00","PYPL","$44.30","0.22574","COMPLETE","$10 Purchase of PayPal","","Cash Balance"
"2026-07-01 15:14:38 EDT","","Stock Buy","USD","-$10.00","$0.00","-$10.00","YUM","$160.87","0.06216","COMPLETE","$10 Purchase of Yum! Brands","","Cash Balance"
"2026-07-01 15:14:21 EDT","","Stock Buy","USD","-$10.00","$0.00","-$10.00","VONV","$107.09","0.09338","COMPLETE","$10 Purchase of Vanguard Russell 1000 Value ETF","","Cash Balance"
"2026-07-01 15:14:05 EDT","","Stock Buy","USD","-$10.00","$0.00","-$10.00","MCD","$270.38","0.03698","COMPLETE","$10 Purchase of McDonald's","","Cash Balance"
"2026-07-01 11:28:14 EDT","","Stock Buy","USD","-$10.00","$0.00","-$10.00","BUD","$81.00","0.12345","COMPLETE","$10 Purchase of Anheuser-Busch Inbev ","","Cash Balance"
"2026-07-01 10:23:27 EDT","","Stock Buy","USD","-$10.00","$0.00","-$10.00","DKNG","$26.02","0.38427","COMPLETE","$10 Purchase of Draft Kings","","Cash Balance"
"2026-07-01 10:21:49 EDT","","Bitcoin Buy","USD","-$9.80","-$0.20","-$10.00","BTC","$60,409.85","0.00016223","COMPLETE","purchase of BTC 0.00016223","","Cash Balance"
"2026-07-01 10:21:32 EDT","","Stock Buy","USD","-$10.00","$0.00","-$10.00","FISV","$51.08","0.19578","COMPLETE","$10 Purchase of Fiserv","","Cash Balance"
"2026-07-01 10:21:12 EDT","","Stock Buy","USD","-$10.00","$0.00","-$10.00","EBAY","$112.76","0.08868","COMPLETE","$10 Purchase of eBay","","Cash Balance"
"2026-07-01 10:20:48 EDT","","Stock Buy","USD","-$10.00","$0.00","-$10.00","TXN","$298.99","0.03344","COMPLETE","$10 Purchase of Texas Instruments","","Cash Balance"
"2026-07-01 10:20:31 EDT","","Stock Buy","USD","-$10.00","$0.00","-$10.00","M","$23.40","0.42739","COMPLETE","$10 Purchase of Macy's","","Cash Balance"
"2026-07-01 10:20:16 EDT","","Stock Buy","USD","-$10.00","$0.00","-$10.00","SBUX","$102.11","0.09792","COMPLETE","$10 Purchase of Starbucks","","Cash Balance"
"2026-07-01 10:19:50 EDT","","Stock Buy","USD","-$10.00","$0.00","-$10.00","HD","$356.15","0.02807","COMPLETE","$10 Purchase of Home Depot","","Cash Balance"
"2026-07-01 10:19:25 EDT","","Stock Buy","USD","-$10.00","$0.00","-$10.00","T","$20.78","0.48128","COMPLETE","$10 Purchase of AT&T","","Cash Balance"
"2026-07-01 10:19:02 EDT","","Stock Buy","USD","-$10.00","$0.00","-$10.00","TSN","$58.73","0.17027","COMPLETE","$10 Purchase of Tyson Foods","","Cash Balance"
"2026-07-01 10:18:18 EDT","","Stock Buy","USD","-$10.00","$0.00","-$10.00","WMT","$107.59","0.09294","COMPLETE","$10 Purchase of Walmart","","Cash Balance"
"2026-07-01 10:18:01 EDT","","Stock Buy","USD","-$10.00","$0.00","-$10.00","VONV","$106.84","0.0936","COMPLETE","$10 Purchase of Vanguard Russell 1000 Value ETF","","Cash Balance"
"2026-07-01 10:17:44 EDT","","Stock Buy","USD","-$10.00","$0.00","-$10.00","VOO","$686.18","0.01457","COMPLETE","$10 Purchase of Vanguard S&P 500 ETF","","Cash Balance"
"2026-07-01 10:17:27 EDT","","Stock Buy","USD","-$10.00","$0.00","-$10.00","PD","$10.24","0.97678","COMPLETE","$10 Purchase of PagerDuty","","Cash Balance"
"2026-07-01 10:16:53 EDT","","","USD","$20.00","$0.00","$20.00","DELL","$428.31","0.04669","COMPLETE","$20 Sale of Dell Technologies","","Cash Balance"
"2026-07-01 09:42:52 EDT","","","USD","$20.00","$0.00","$20.00","SAP","$157.55","0.12694","COMPLETE","$20 Sale of SAP","","Cash Balance"
"2026-07-01 09:42:13 EDT","","","USD","$20.00","$0.00","$20.00","WEN","$8.43","2.37183","COMPLETE","$20 Sale of Wendy's","","Cash Balance"
"2026-07-01 09:41:36 EDT","","Deposits","USD","$100.00","$0.00","$100.00","","","","COMPLETE","Add Cash","","Visa debit 3333"
"2026-07-01 09:41:18 EDT","","Stock Buy","USD","-$10.00","$0.00","-$10.00","HTZ","$2.22","4.50917","COMPLETE","$10 Purchase of Hertz","","Cash Balance"
"2026-07-01 09:40:21 EDT","","Stock Buy","USD","-$10.00","$0.00","-$10.00","AAPL","$292.05","0.03424","COMPLETE","$10 Purchase of Apple","","Cash Balance"
"2026-07-01 09:35:51 EDT","","","USD","$20.00","$0.00","$20.00","WFC","$83.02","0.2409","COMPLETE","$20 Sale of Wells Fargo","","Cash Balance"
"2026-07-01 09:30:23 EDT","","Stock Buy","USD","-$10.00","$0.00","-$10.00","AMZN","$239.77","0.0417","COMPLETE","$10 Purchase of Amazon","","Cash Balance"
"2026-07-01 09:30:21 EDT","","Stock Buy","USD","-$10.00","$0.00","-$10.00","MSFT","$380.92","0.02625","COMPLETE","$10 Purchase of Microsoft","","Cash Balance"
"2026-07-01 09:30:01 EDT","","","USD","$10.00","$0.00","$10.00","OKTA","$137.86","0.07253","COMPLETE","$10 Sale of Okta","","Cash Balance"
"2026-07-01 09:30:01 EDT","","Stock Buy","USD","-$10.00","$0.00","-$10.00","VOO","$684.60","0.0146","COMPLETE","$10 Purchase of Vanguard S&P 500 ETF","","Cash Balance"
"2026-07-01 09:30:01 EDT","","Stock Buy","USD","-$10.00","$0.00","-$10.00","HIMS","$34.75","0.28776","COMPLETE","$10 Purchase of Hims & Hers Health","","Cash Balance"
"2026-07-01 09:30:01 EDT","","Stock Buy","USD","-$10.00","$0.00","-$10.00","HD","$353.85","0.02826","COMPLETE","$10 Purchase of Home Depot","","Cash Balance"
"2026-07-01 00:00:00 EDT","","Stock Dividends","USD","$0.27","$0.00","$0.27","HPQ","","","COMPLETE","$0.27 Dividend from Hewlett Packard","","Cash Balance"
"2026-07-01 00:00:00 EDT","","Stock Dividends","USD","$0.17","$0.00","$0.17","KO","","","COMPLETE","$0.17 Dividend from Coca-Cola","","Cash Balance"
"2026-07-01 00:00:00 EDT","","Stock Dividends","USD","$0.09","$0.00","$0.09","M","","","COMPLETE","$0.09 Dividend from Macy's","","Cash Balance"
"2026-07-01 00:00:00 EDT","","Stock Dividends","USD","$0.15","$0.00","$0.15","ADP","","","COMPLETE","$0.15 Dividend from Automatic Data Processing","","Cash Balance"
"2026-07-01 00:00:00 EDT","","Stock Dividends","USD","$0.12","$0.00","$0.12","PSKY","","","COMPLETE","$0.12 Dividend from Paramount Skydance","","Cash Balance"
"2026-06-30 16:10:59 EDT","","Stock Dividends","USD","$0.01","$0.00","$0.01","AVGO","","","COMPLETE","$0.01 Dividend from Broadcom","","Cash Balance"
"2026-06-30 15:47:06 EDT","","Stock Dividends","USD","$0.14","$0.00","$0.14","VBR","","","COMPLETE","$0.14 Dividend from Small Cap Value ETF Vanguard","","Cash Balance"
"2026-06-30 00:00:00 EDT","","Stock Dividends","USD","$0.02","$0.00","$0.02","GSLC","","","COMPLETE","$0.02 Dividend from Goldman Sachs ActiveBeta U.S. Large Cap Equity ETF","","Cash Balance"
"2026-06-30 00:00:00 EDT","","Stock Dividends","USD","$0.07","$0.00","$0.07","VOO","","","COMPLETE","$0.07 Dividend from Vanguard S&P 500 ETF","","Cash Balance"
"2026-06-29 00:00:00 EDT","","Stock Dividends","USD","$0.02","$0.00","$0.02","CXSE","","","COMPLETE","$0.02 Dividend from WisdomTree China ex-State-Owned Enterprises ETF","","Cash Balance"
"2026-06-26 13:43:48 EDT","","Stock Buy","USD","-$10.00","$0.00","-$10.00","XYZ","$77.24","0.12946","COMPLETE","$10 Purchase of Block","","Cash Balance"
"2026-06-26 13:38:10 EDT","","Bitcoin Buy","USD","-$4.90","-$0.10","-$5.00","BTC","$60,331.07","0.00008122","COMPLETE","purchase of BTC 0.00008122","","Cash Balance"
"2026-06-26 00:00:00 EDT","","Stock Dividends","USD","$0.18","$0.00","$0.18","VNQ","","","COMPLETE","$0.18 Dividend from Vanguard Real Estate ETF","","Cash Balance"
"2026-06-26 00:00:00 EDT","","Stock Dividends","USD","$0.17","$0.00","$0.17","DKS","","","COMPLETE","$0.17 Dividend from Dick's Sporting Goods","","Cash Balance"
"2026-06-26 00:00:00 EDT","","Stock Dividends","USD","$0.04","$0.00","$0.04","VCR","","","COMPLETE","$0.04 Dividend from Vanguard Consumer Discretionary ETF","","Cash Balance"
"2026-06-26 00:00:00 EDT","","Stock Dividends","USD","$0.30","$0.00","$0.30","VFH","","","COMPLETE","$0.30 Dividend from Vanguard Financials ETF","","Cash Balance"
"2026-06-26 00:00:00 EDT","","Stock Dividends","USD","$0.11","$0.00","$0.11","VHT","","","COMPLETE","$0.11 Dividend from Vanguard Health Care ETF","","Cash Balance"
"2026-06-26 00:00:00 EDT","","Stock Dividends","USD","$0.11","$0.00","$0.11","VDC","","","COMPLETE","$0.11 Dividend from Vanguard Consumer Staples Index Fund ETF","","Cash Balance"
"2026-06-26 00:00:00 EDT","","Stock Dividends","USD","$0.20","$0.00","$0.20","VDE","","","COMPLETE","$0.20 Dividend from Energy ETF Vanguard","","Cash Balance"
"2026-06-26 00:00:00 EDT","","Stock Dividends","USD","$0.01","$0.00","$0.01","NVDA","","","COMPLETE","$0.01 Dividend from NVIDIA","","Cash Balance"
"2026-06-25 00:00:00 EDT","","Stock Dividends","USD","$0.06","$0.00","$0.06","PYPL","","","COMPLETE","$0.06 Dividend from PayPal","","Cash Balance"
"2026-06-25 00:00:00 EDT","","Stock Dividends","USD","$0.11","$0.00","$0.11","FIS","","","COMPLETE","$0.11 Dividend from Fidelity National Information","","Cash Balance"
"2026-06-25 00:00:00 EDT","","Stock Dividends","USD","$0.26","$0.00","$0.26","BBEU","","","COMPLETE","$0.26 Dividend from JPMorgan BetaBuilders Europe ETF","","Cash Balance"
"2026-06-25 00:00:00 EDT","","Stock Dividends","USD","$0.08","$0.00","$0.08","QCOM","","","COMPLETE","$0.08 Dividend from Qualcomm","","Cash Balance"
"2026-06-25 00:00:00 EDT","","Stock Dividends","USD","$0.05","$0.00","$0.05","META","","","COMPLETE","$0.05 Dividend from Meta","","Cash Balance"
"2026-06-24 09:31:03 EDT","","Stock Buy","USD","-$10.00","$0.00","-$10.00","RDDT","$164.70","0.06071","COMPLETE","$10 Purchase of Reddit","","Cash Balance"
"2026-06-24 09:30:06 EDT","","Stock Buy","USD","-$10.00","$0.00","-$10.00","GOOGL","$348.92","0.02865","COMPLETE","$10 Purchase of Alphabet Inc. Class A","","Cash Balance"
"2026-06-24 09:30:02 EDT","","Stock Buy","USD","-$10.00","$0.00","-$10.00","GOOG","$348.19","0.02871","COMPLETE","$10 Purchase of Alphabet Inc. Class C ","","Cash Balance"
"2026-06-24 00:00:00 EDT","","Stock Dividends","USD","$0.04","$0.00","$0.04","XLB","","","COMPLETE","$0.04 Dividend from Materials Select Sector SPDR","","Cash Balance"
"2026-06-23 13:26:24 EDT","","Stock Buy","USD","-$20.00","$0.00","-$20.00","WEN","$6.28","3.18588","COMPLETE","$20 Purchase of Wendy's","","Cash Balance"
"2026-06-23 00:00:00 EDT","","Stock Dividends","USD","$0.01","$0.00","$0.01","VONG","","","COMPLETE","$0.01 Dividend from Vanguard Russell 1000 Growth ETF","","Cash Balance"
"2026-06-23 00:00:00 EDT","","Stock Dividends","USD","$0.14","$0.00","$0.14","VONV","","","COMPLETE","$0.14 Dividend from Vanguard Russell 1000 Value ETF","","Cash Balance"
"2026-06-23 00:00:00 EDT","","Stock Dividends","USD","$0.16","$0.00","$0.16","VSS","","","COMPLETE","$0.16 Dividend from Vanguard FTSE All World ex US Small Cap ETF","","Cash Balance"
"2026-06-22 14:57:59 EDT","","Stock Buy","USD","-$10.00","$0.00","-$10.00","C","$145.11","0.06891","COMPLETE","$10 Purchase of Citigroup","","Cash Balance"
"2026-06-22 13:17:10 EDT","","","USD","$8.00","$0.00","$8.00","HOOD","$106.87","0.07485","COMPLETE","$8 Sale of Robinhood Markets","","Cash Balance"
"2026-06-22 13:16:52 EDT","","","USD","$10.00","$0.00","$10.00","HIMS","$33.58","0.29775","COMPLETE","$10 Sale of Hims & Hers Health","","Cash Balance"
"2026-06-22 10:55:47 EDT","","Stock Buy","USD","-$10.00","$0.00","-$10.00","PZZA","$34.42","0.29054","COMPLETE","$10 Purchase of Papa John's","","Cash Balance"
"2026-06-22 09:33:29 EDT","","Stock Buy","USD","-$10.00","$0.00","-$10.00","TGT","$133.40","0.07496","COMPLETE","$10 Purchase of Target","","Cash Balance"
"2026-06-22 09:33:17 EDT","","","USD","$10.00","$0.00","$10.00","WFC","$82.92","0.12059","COMPLETE","$10 Sale of Wells Fargo","","Cash Balance"
"2026-06-22 09:33:13 EDT","","","USD","$10.00","$0.00","$10.00","XYZ","$74.28","0.13462","COMPLETE","$10 Sale of Block","","Cash Balance"
"2026-06-22 09:31:02 EDT","","Stock Buy","USD","-$10.00","$0.00","-$10.00","PD","$8.43","1.18632","COMPLETE","$10 Purchase of PagerDuty","","Cash Balance"
"2026-06-22 09:30:58 EDT","","Stock Buy","USD","-$10.00","$0.00","-$10.00","SNAP","$4.57","2.18818","COMPLETE","$10 Purchase of Snap","","Cash Balance"
"2026-06-22 09:30:49 EDT","","Stock Buy","USD","-$10.00","$0.00","-$10.00","AMD","$545.43","0.01833","COMPLETE","$10 Purchase of Advanced Micro Devices","","Cash Balance"
"2026-06-22 09:30:48 EDT","","","USD","$10.00","$0.00","$10.00","MRVL","$313.48","0.03189","COMPLETE","$10 Sale of Marvell Technology","","Cash Balance"
"2026-06-22 09:30:44 EDT","","","USD","$10.00","$0.00","$10.00","HOOD","$108.10","0.0925","COMPLETE","$10 Sale of Robinhood Markets","","Cash Balance"
"2026-06-22 09:30:40 EDT","","","USD","$10.00","$0.00","$10.00","HIMS","$34.63","0.28876","COMPLETE","$10 Sale of Hims & Hers Health","","Cash Balance"
"2026-06-22 09:30:24 EDT","","Stock Buy","USD","-$5.00","$0.00","-$5.00","DOCU","$42.29","0.11823","COMPLETE","$5 Purchase of DocuSign","","Cash Balance"
"2026-06-22 09:30:20 EDT","","Stock Buy","USD","-$10.00","$0.00","-$10.00","AAPL","$297.85","0.03357","COMPLETE","$10 Purchase of Apple","","Cash Balance"
"2026-06-22 09:30:20 EDT","","","USD","$10.00","$0.00","$10.00","DKS","$237.13","0.04217","COMPLETE","$10 Sale of Dick's Sporting Goods","","Cash Balance"
"2026-06-22 09:30:19 EDT","","","USD","$10.00","$0.00","$10.00","DAL","$84.50","0.11834","COMPLETE","$10 Sale of Delta Air Lines","","Cash Balance"
"2026-06-22 09:30:18 EDT","","Stock Buy","USD","-$5.00","$0.00","-$5.00","VMBS","$46.67","0.10713","COMPLETE","$5 Purchase of Vanguard Mortgage-Backed Securities ETF","","Cash Balance"
"2026-06-22 09:30:18 EDT","","Stock Buy","USD","-$10.00","$0.00","-$10.00","HLF","$11.97","0.83542","COMPLETE","$10 Purchase of Herbalife","","Cash Balance"
"2026-06-22 09:30:18 EDT","","Stock Buy","USD","-$10.00","$0.00","-$10.00","MSFT","$375.20","0.02665","COMPLETE","$10 Purchase of Microsoft","","Cash Balance"
"2026-06-22 09:30:15 EDT","","","USD","$10.00","$0.00","$10.00","JPM","$329.00","0.03039","COMPLETE","$10 Sale of JPMorgan Chase","","Cash Balance"
"2026-06-22 09:30:14 EDT","","Stock Buy","USD","-$10.00","$0.00","-$10.00","VFH","$131.87","0.07583","COMPLETE","$10 Purchase of Vanguard Financials ETF","","Cash Balance"
"2026-06-22 09:30:11 EDT","","Stock Buy","USD","-$5.00","$0.00","-$5.00","VONV","$106.62","0.04689","COMPLETE","$5 Purchase of Vanguard Russell 1000 Value ETF","","Cash Balance"
"2026-06-22 09:30:11 EDT","","Stock Buy","USD","-$10.00","$0.00","-$10.00","TSM","$476.31","0.02099","COMPLETE","$10 Purchase of Taiwan Semiconductor Manufacturing","","Cash Balance"
"2026-06-22 09:30:07 EDT","","Stock Buy","USD","-$10.00","$0.00","-$10.00","M","$24.50","0.40816","COMPLETE","$10 Purchase of Macy's","","Cash Balance"
"2026-06-22 09:30:07 EDT","","Stock Buy","USD","-$10.00","$0.00","-$10.00","FISV","$47.81","0.20916","COMPLETE","$10 Purchase of Fiserv","","Cash Balance"
"2026-06-22 09:30:04 EDT","","","USD","$5.00","$0.00","$5.00","AMAT","$626.22","0.00798","COMPLETE","$5 Sale of Applied Materials","","Cash Balance"
"2026-06-22 09:30:03 EDT","","Stock Buy","USD","-$10.00","$0.00","-$10.00","BUD","$80.40","0.12437","COMPLETE","$10 Purchase of Anheuser-Busch Inbev ","","Cash Balance"
"2026-06-22 09:30:03 EDT","","","USD","$10.00","$0.00","$10.00","PZZA","$35.71","0.28003","COMPLETE","$10 Sale of Papa John's","","Cash Balance"
"2026-06-22 09:30:02 EDT","","Stock Buy","USD","-$10.00","$0.00","-$10.00","YUM","$150.37","0.0665","COMPLETE","$10 Purchase of Yum! Brands","","Cash Balance"
"2026-06-22 09:30:01 EDT","","","USD","$5.00","$0.00","$5.00","MRNA","$64.00","0.07812","COMPLETE","$5 Sale of Moderna","","Cash Balance"
"2026-06-22 09:30:00 EDT","","Stock Buy","USD","-$5.00","$0.00","-$5.00","VBR","$238.55","0.02095","COMPLETE","$5 Purchase of Small Cap Value ETF Vanguard","","Cash Balance"
"2026-06-21 17:31:19 EDT","","Deposits","USD","$100.00","$0.00","$100.00","","","","COMPLETE","Add Cash","","Visa debit 3333"
"2026-06-20 16:54:15 EDT","","Bitcoin Sell","USD","$10.00","-$0.20","$9.80","BTC","$63,371.65","0.0001578","COMPLETE","sale of BTC 0.00015780","","Cash Balance"
"2026-06-20 08:23:07 EDT","","Deposits","USD","$100.00","$0.00","$100.00","","","","COMPLETE","Add Cash","","Visa debit 3333"
"2026-06-20 07:51:40 EDT","","Bitcoin Buy","USD","-$4.90","-$0.10","-$5.00","BTC","$64,191.63","0.00007633","COMPLETE","purchase of BTC 0.00007633","","Cash Balance"
"2026-06-18 13:17:47 EDT","","Stock Buy","USD","-$10.00","$0.00","-$10.00","ORCL","$186.78","0.05353","COMPLETE","$10 Purchase of Oracle","","Cash Balance"
"2026-06-18 13:17:31 EDT","","Stock Buy","USD","-$10.00","$0.00","-$10.00","MSFT","$381.03","0.02624","COMPLETE","$10 Purchase of Microsoft","","Cash Balance"
"2026-06-18 13:16:31 EDT","","Stock Buy","USD","-$10.00","$0.00","-$10.00","YUMC","$42.70","0.23421","COMPLETE","$10 Purchase of Yum China","","Cash Balance"
"2026-06-18 13:15:54 EDT","","Stock Buy","USD","-$10.00","$0.00","-$10.00","ALLY","$45.84","0.21813","COMPLETE","$10 Purchase of Ally Financial","","Cash Balance"
"2026-06-18 13:15:27 EDT","","","USD","$15.00","$0.00","$15.00","RDDT","$169.59","0.08844","COMPLETE","$15 Sale of Reddit","","Cash Balance"
"2026-06-18 13:15:09 EDT","","Stock Buy","USD","-$10.00","$0.00","-$10.00","CRM","$152.79","0.06544","COMPLETE","$10 Purchase of Salesforce","","Cash Balance"
"2026-06-18 13:14:33 EDT","","","USD","$8.00","$0.00","$8.00","COIN","$163.24","0.049","COMPLETE","$8 Sale of Coinbase","","Cash Balance"
"2026-06-18 13:14:10 EDT","","Stock Buy","USD","-$10.00","$0.00","-$10.00","ADP","$217.48","0.04598","COMPLETE","$10 Purchase of Automatic Data Processing","","Cash Balance"
"2026-06-18 13:13:37 EDT","","Bitcoin Sell","USD","$20.00","-$0.40","$19.60","BTC","$61,888.37","0.00032316","COMPLETE","sale of BTC 0.00032316","","Cash Balance"
"2026-06-18 13:13:20 EDT","","Deposits","USD","$100.00","$0.00","$100.00","","","","COMPLETE","Add Cash","","Visa debit 3333"
"2026-06-18 13:13:02 EDT","","Stock Buy","USD","-$10.00","$0.00","-$10.00","AMZN","$244.62","0.04087","COMPLETE","$10 Purchase of Amazon","","Cash Balance"
"2026-06-18 13:10:54 EDT","","Stock Buy","USD","-$10.00","$0.00","-$10.00","TM","$174.63","0.05726","COMPLETE","$10 Purchase of Toyota Motor","","Cash Balance"
"2026-06-18 13:09:55 EDT","","Stock Buy","USD","-$10.00","$0.00","-$10.00","CVS","$98.48","0.10154","COMPLETE","$10 Purchase of CVS Health","","Cash Balance"
"2026-06-18 13:09:36 EDT","","","USD","$10.00","$0.00","$10.00","VNQ","$96.10","0.10405","COMPLETE","$10 Sale of Vanguard Real Estate ETF","","Cash Balance"
"2026-06-18 13:09:02 EDT","","Stock Buy","USD","-$10.00","$0.00","-$10.00","VONG","$126.88","0.07881","COMPLETE","$10 Purchase of Vanguard Russell 1000 Growth ETF","","Cash Balance"
"2026-06-18 13:08:29 EDT","","","USD","$10.00","$0.00","$10.00","SBUX","$101.30","0.09871","COMPLETE","$10 Sale of Starbucks","","Cash Balance"
"2026-06-18 12:29:52 EDT","","Stock Dividends","USD","$0.04","$0.00","$0.04","GM","","","COMPLETE","$0.04 Dividend from General Motors","","Cash Balance"
"2026-06-18 10:12:37 EDT","","Stock Buy","USD","-$5.00","$0.00","-$5.00","TGT","$129.82","0.03851","COMPLETE","$5 Purchase of Target","","Cash Balance"
"2026-06-18 10:12:13 EDT","","Stock Buy","USD","-$5.00","$0.00","-$5.00","ACN","$131.73","0.03795","COMPLETE","$5 Purchase of Accenture","","Cash Balance"
"2026-06-18 10:11:51 EDT","","Stock Buy","USD","-$5.00","$0.00","-$5.00","DBX","$26.03","0.19211","COMPLETE","$5 Purchase of Dropbox","","Cash Balance"
"2026-06-18 10:11:03 EDT","","Stock Buy","USD","-$5.00","$0.00","-$5.00","JPM","$333.15","0.015","COMPLETE","$5 Purchase of JPMorgan Chase","","Cash Balance"
"2026-06-18 10:10:46 EDT","","","USD","$3.00","$0.00","$3.00","SPCX","$180.60","0.01661","COMPLETE","$3 Sale of SpaceX","","Cash Balance"
"2026-06-18 10:10:24 EDT","","Stock Buy","USD","-$5.00","$0.00","-$5.00","WFC","$83.79","0.05967","COMPLETE","$5 Purchase of Wells Fargo","","Cash Balance"
"2026-06-18 10:10:06 EDT","","","USD","$3.00","$0.00","$3.00","EBAY","$109.56","0.02738","COMPLETE","$3 Sale of eBay","","Cash Balance"
"2026-06-18 10:09:47 EDT","","Stock Buy","USD","-$5.00","$0.00","-$5.00","META","$572.17","0.00873","COMPLETE","$5 Purchase of Meta","","Cash Balance"
"2026-06-18 10:09:21 EDT","","Stock Buy","USD","-$5.00","$0.00","-$5.00","WMG","$28.21","0.17722","COMPLETE","$5 Purchase of Warner Music","","Cash Balance"
"2026-06-18 10:09:00 EDT","","Stock Buy","USD","-$5.00","$0.00","-$5.00","VOO","$687.48","0.00727","COMPLETE","$5 Purchase of Vanguard S&P 500 ETF","","Cash Balance"
"2026-06-18 10:08:44 EDT","","Stock Buy","USD","-$5.00","$0.00","-$5.00","UPS","$107.39","0.04655","COMPLETE","$5 Purchase of United Parcel Service","","Cash Balance"
"2026-06-18 10:07:39 EDT","","Stock Buy","USD","-$5.00","$0.00","-$5.00","SPOT","$460.48","0.01085","COMPLETE","$5 Purchase of Spotify","","Cash Balance"
"2026-06-18 10:06:52 EDT","","Stock Buy","USD","-$5.00","$0.00","-$5.00","VTEB","$50.45","0.09911","COMPLETE","$5 Purchase of Vanguard Tax-Exempt Bond ETF","","Cash Balance"
"2026-06-18 00:00:00 EDT","","Stock Dividends","USD","$0.07","$0.00","$0.07","HD","","","COMPLETE","$0.07 Dividend from Home Depot","","Cash Balance"
"2026-06-16 15:14:39 EDT","","Stock Buy","USD","-$5.00","$0.00","-$5.00","ORCL","$189.63","0.02636","COMPLETE","$5 Purchase of Oracle","","Cash Balance"
"2026-06-16 15:14:17 EDT","","Stock Buy","USD","-$5.00","$0.00","-$5.00","IBM","$270.43","0.01848","COMPLETE","$5 Purchase of IBM","","Cash Balance"
"2026-06-16 11:51:44 EDT","","Stock Buy","USD","-$10.00","$0.00","-$10.00","T","$23.23","0.43052","COMPLETE","$10 Purchase of AT&T","","Cash Balance"
"2026-06-16 11:51:23 EDT","","Stock Buy","USD","-$10.00","$0.00","-$10.00","INTU","$279.20","0.03581","COMPLETE","$10 Purchase of Intuit","","Cash Balance"
"2026-06-16 11:48:41 EDT","","Stock Buy","USD","-$10.00","$0.00","-$10.00","CRM","$162.50","0.06154","COMPLETE","$10 Purchase of Salesforce","","Cash Balance"
"2026-06-16 11:47:45 EDT","","","USD","$10.00","$0.00","$10.00","UHAL","$62.78","0.15928","COMPLETE","$10 Sale of U-Haul","","Cash Balance"
"2026-06-16 11:47:18 EDT","","","USD","$20.00","$0.00","$20.00","UBER","$74.07","0.26999","COMPLETE","$20 Sale of Uber Technologies","","Cash Balance"
"2026-06-16 11:46:49 EDT","","Stock Buy","USD","-$5.00","$0.00","-$5.00","NFLX","$79.51","0.06288","COMPLETE","$5 Purchase of Netflix","","Cash Balance"
"2026-06-16 11:46:16 EDT","","Stock Buy","USD","-$5.00","$0.00","-$5.00","V","$330.93","0.0151","COMPLETE","$5 Purchase of Visa","","Cash Balance"
"2026-06-16 11:45:45 EDT","","","USD","$10.00","$0.00","$10.00","LITE","$868.45","0.01151","COMPLETE","$10 Sale of Lumentum","","Cash Balance"
"2026-06-16 11:45:00 EDT","","Stock Buy","USD","-$5.00","$0.00","-$5.00","EEFT","$68.25","0.07326","COMPLETE","$5 Purchase of Euronet","","Cash Balance"
"2026-06-16 11:44:41 EDT","","Stock Buy","USD","-$5.00","$0.00","-$5.00","F","$14.72","0.33972","COMPLETE","$5 Purchase of Ford Motor","","Cash Balance"
"2026-06-16 11:44:16 EDT","","Stock Buy","USD","-$5.00","$0.00","-$5.00","GAP","$22.01","0.22719","COMPLETE","$5 Purchase of Gap","","Cash Balance"
"2026-06-16 11:43:55 EDT","","Stock Buy","USD","-$5.00","$0.00","-$5.00","ORCL","$189.57","0.02637","COMPLETE","$5 Purchase of Oracle","","Cash Balance"
"2026-06-16 11:43:17 EDT","","Stock Buy","USD","-$5.00","$0.00","-$5.00","VMBS","$46.83","0.10677","COMPLETE","$5 Purchase of Vanguard Mortgage-Backed Securities ETF","","Cash Balance"
"2026-06-16 11:42:52 EDT","","Stock Buy","USD","-$5.00","$0.00","-$5.00","VRSN","$275.68","0.01813","COMPLETE","$5 Purchase of VeriSign","","Cash Balance"
"2026-06-16 11:42:33 EDT","","Stock Buy","USD","-$5.00","$0.00","-$5.00","VGLT","$55.01","0.09089","COMPLETE","$5 Purchase of Vanguard Long-Treasury ETF","","Cash Balance"
"2026-06-16 11:42:08 EDT","","Stock Buy","USD","-$5.00","$0.00","-$5.00","INTC","$118.91","0.04204","COMPLETE","$5 Purchase of Intel","","Cash Balance"
"2026-06-16 10:00:16 EDT","","Stock Buy","USD","-$10.00","$0.00","-$10.00","VOO","$693.44","0.01442","COMPLETE","$10 Purchase of Vanguard S&P 500 ETF","","Cash Balance"
"2026-06-16 09:32:28 EDT","","Stock Buy","USD","-$5.00","$0.00","-$5.00","WFC","$84.84","0.05893","COMPLETE","$5 Purchase of Wells Fargo","","Cash Balance"
"2026-06-16 09:32:08 EDT","","Stock Buy","USD","-$10.00","$0.00","-$10.00","ORCL","$189.00","0.05291","COMPLETE","$10 Purchase of Oracle","","Cash Balance"
"2026-06-16 09:31:47 EDT","","Stock Buy","USD","-$5.00","$0.00","-$5.00","XYZ","$74.95","0.06671","COMPLETE","$5 Purchase of Block","","Cash Balance"
"2026-06-16 09:31:37 EDT","","Stock Buy","USD","-$5.00","$0.00","-$5.00","MS","$220.89","0.02263","COMPLETE","$5 Purchase of Morgan Stanley","","Cash Balance"
"2026-06-16 09:31:22 EDT","","Stock Buy","USD","-$10.00","$0.00","-$10.00","DELL","$413.53","0.02418","COMPLETE","$10 Purchase of Dell Technologies","","Cash Balance"
"2026-06-16 09:31:20 EDT","","Stock Buy","USD","-$10.00","$0.00","-$10.00","MRK","$115.34","0.0867","COMPLETE","$10 Purchase of Merck","","Cash Balance"
"2026-06-16 09:30:22 EDT","","Stock Buy","USD","-$5.00","$0.00","-$5.00","JPM","$325.91","0.01534","COMPLETE","$5 Purchase of JPMorgan Chase","","Cash Balance"
"2026-06-16 09:30:16 EDT","","Stock Buy","USD","-$5.00","$0.00","-$5.00","HTZ","$5.13","0.97465","COMPLETE","$5 Purchase of Hertz","","Cash Balance"
"2026-06-16 09:30:14 EDT","","Stock Buy","USD","-$5.00","$0.00","-$5.00","ACN","$165.05","0.03029","COMPLETE","$5 Purchase of Accenture","","Cash Balance"
"2026-06-16 09:30:14 EDT","","Stock Buy","USD","-$5.00","$0.00","-$5.00","META","$594.23","0.00841","COMPLETE","$5 Purchase of Meta","","Cash Balance"
"2026-06-16 09:30:14 EDT","","Stock Buy","USD","-$5.00","$0.00","-$5.00","PYPL","$42.71","0.11706","COMPLETE","$5 Purchase of PayPal","","Cash Balance"
"2026-06-16 09:30:14 EDT","","Stock Buy","USD","-$5.00","$0.00","-$5.00","MA","$491.86","0.01016","COMPLETE","$5 Purchase of Mastercard","","Cash Balance"
"2026-06-16 09:30:14 EDT","","Stock Buy","USD","-$5.00","$0.00","-$5.00","SAP","$167.31","0.02988","COMPLETE","$5 Purchase of SAP","","Cash Balance"
"2026-06-16 09:30:13 EDT","","Stock Buy","USD","-$10.00","$0.00","-$10.00","PLTR","$134.30","0.07446","COMPLETE","$10 Purchase of Palantir Technologies","","Cash Balance"
"2026-06-16 09:30:13 EDT","","Stock Buy","USD","-$10.00","$0.00","-$10.00","CRUS","$165.51","0.06041","COMPLETE","$10 Purchase of Cirrus Logic","","Cash Balance"
"2026-06-16 09:30:13 EDT","","Stock Buy","USD","-$5.00","$0.00","-$5.00","DUK","$125.30","0.0399","COMPLETE","$5 Purchase of Duke Energy","","Cash Balance"
"2026-06-16 09:30:12 EDT","","Stock Buy","USD","-$5.00","$0.00","-$5.00","VONV","$107.50","0.04651","COMPLETE","$5 Purchase of Vanguard Russell 1000 Value ETF","","Cash Balance"
"2026-06-16 09:30:12 EDT","","Stock Buy","USD","-$5.00","$0.00","-$5.00","KO","$81.15","0.06161","COMPLETE","$5 Purchase of Coca-Cola","","Cash Balance"
"2026-06-16 09:30:12 EDT","","Stock Buy","USD","-$5.00","$0.00","-$5.00","PZZA","$33.19","0.15064","COMPLETE","$5 Purchase of Papa John's","","Cash Balance"
"2026-06-16 09:30:11 EDT","","Stock Buy","USD","-$10.00","$0.00","-$10.00","MSFT","$395.00","0.02531","COMPLETE","$10 Purchase of Microsoft","","Cash Balance"
"2026-06-16 09:30:11 EDT","","","USD","$5.00","$0.00","$5.00","COIN","$169.59","0.02948","COMPLETE","$5 Sale of Coinbase","","Cash Balance"
"2026-06-16 09:30:11 EDT","","Stock Buy","USD","-$5.00","$0.00","-$5.00","DAL","$85.10","0.05875","COMPLETE","$5 Purchase of Delta Air Lines","","Cash Balance"
"2026-06-16 09:30:10 EDT","","Stock Buy","USD","-$5.00","$0.00","-$5.00","GOOG","$367.53","0.0136","COMPLETE","$5 Purchase of Alphabet Inc. Class C ","","Cash Balance"
"2026-06-16 09:30:10 EDT","","Stock Buy","USD","-$5.00","$0.00","-$5.00","VZ","$47.00","0.10638","COMPLETE","$5 Purchase of Verizon Communications","","Cash Balance"
"2026-06-16 09:30:10 EDT","","Stock Buy","USD","-$10.00","$0.00","-$10.00","UNH","$410.00","0.02439","COMPLETE","$10 Purchase of UnitedHealth","","Cash Balance"
"2026-06-16 09:30:09 EDT","","Stock Buy","USD","-$5.00","$0.00","-$5.00","INTC","$125.05","0.03998","COMPLETE","$5 Purchase of Intel","","Cash Balance"
"2026-06-16 09:30:08 EDT","","Stock Buy","USD","-$5.00","$0.00","-$5.00","TSN","$57.42","0.08707","COMPLETE","$5 Purchase of Tyson Foods","","Cash Balance"
"2026-06-16 09:30:05 EDT","","Stock Buy","USD","-$5.00","$0.00","-$5.00","NTAP","$162.79","0.03071","COMPLETE","$5 Purchase of NetApp","","Cash Balance"
"2026-06-16 09:30:05 EDT","","","USD","$5.00","$0.00","$5.00","HOOD","$100.19","0.0499","COMPLETE","$5 Sale of Robinhood Markets","","Cash Balance"
"2026-06-16 09:30:05 EDT","","Stock Buy","USD","-$5.00","$0.00","-$5.00","PD","$8.98","0.55679","COMPLETE","$5 Purchase of PagerDuty","","Cash Balance"
"2026-06-16 09:30:05 EDT","","Stock Buy","USD","-$5.00","$0.00","-$5.00","VFH","$132.21","0.03781","COMPLETE","$5 Purchase of Vanguard Financials ETF","","Cash Balance"
"2026-06-16 09:30:05 EDT","","Stock Buy","USD","-$5.00","$0.00","-$5.00","VNQ","$98.42","0.0508","COMPLETE","$5 Purchase of Vanguard Real Estate ETF","","Cash Balance"
"2026-06-16 09:30:03 EDT","","Stock Buy","USD","-$5.00","$0.00","-$5.00","VDE","$155.47","0.03216","COMPLETE","$5 Purchase of Energy ETF Vanguard","","Cash Balance"
"2026-06-16 09:30:03 EDT","","Stock Buy","USD","-$5.00","$0.00","-$5.00","BAM","$48.55","0.10298","COMPLETE","$5 Purchase of Brookfield Asset Management","","Cash Balance"
"2026-06-16 09:30:02 EDT","","Stock Buy","USD","-$5.00","$0.00","-$5.00","FISV","$48.41","0.10328","COMPLETE","$5 Purchase of Fiserv","","Cash Balance"
"2026-06-16 09:30:01 EDT","","Stock Buy","USD","-$5.00","$0.00","-$5.00","GIS","$34.40","0.14534","COMPLETE","$5 Purchase of General Mills","","Cash Balance"
"2026-06-16 09:30:01 EDT","","Stock Buy","USD","-$5.00","$0.00","-$5.00","GOOGL","$369.60","0.01352","COMPLETE","$5 Purchase of Alphabet Inc. Class A","","Cash Balance"
"2026-06-16 09:30:01 EDT","","Stock Buy","USD","-$10.00","$0.00","-$10.00","AMZN","$248.03","0.04031","COMPLETE","$10 Purchase of Amazon","","Cash Balance"
"2026-06-16 09:30:00 EDT","","Stock Buy","USD","-$5.00","$0.00","-$5.00","INTU","$282.20","0.01771","COMPLETE","$5 Purchase of Intuit","","Cash Balance"
"2026-06-16 09:30:00 EDT","","Stock Buy","USD","-$5.00","$0.00","-$5.00","BBEU","$79.14","0.06317","COMPLETE","$5 Purchase of JPMorgan BetaBuilders Europe ETF","","Cash Balance"
"2026-06-16 08:39:28 EDT","","Bitcoin Sell","USD","$5.00","-$0.10","$4.90","BTC","$66,069.72","0.00007568","COMPLETE","sale of BTC 0.00007568","","Cash Balance"
"2026-06-16 08:03:53 EDT","","Bitcoin Sell","USD","$5.00","-$0.10","$4.90","BTC","$65,883.50","0.00007589","COMPLETE","sale of BTC 0.00007589","","Cash Balance"
"2026-06-16 00:00:00 EDT","","Stock Dividends","USD","$0.20","$0.00","$0.20","MCD","","","COMPLETE","$0.20 Dividend from McDonald's","","Cash Balance"
"2026-06-15 23:43:50 EDT","","Deposits","USD","$100.00","$0.00","$100.00","","","","COMPLETE","Add Cash","","Visa debit 3333"
"2026-06-15 21:27:11 EDT","","Bitcoin Buy","USD","-$4.90","-$0.10","-$5.00","BTC","$66,797.17","0.00007336","COMPLETE","purchase of BTC 0.00007336","","Cash Balance"
"2026-06-15 17:33:38 EDT","","Deposits","USD","$100.00","$0.00","$100.00","","","","COMPLETE","Add Cash","","Visa debit 3333"
"2026-06-15 14:53:08 EDT","","Stock Buy","USD","-$10.00","$0.00","-$10.00","GIS","$34.40","0.29071","COMPLETE","$10 Purchase of General Mills","","Cash Balance"
"2026-06-15 09:32:07 EDT","","Stock Buy","USD","-$10.00","$0.00","-$10.00","XYZ","$72.26","0.13838","COMPLETE","$10 Purchase of Block","","Cash Balance"
"2026-06-15 09:30:29 EDT","","Stock Buy","USD","-$10.00","$0.00","-$10.00","UBER","$70.73","0.14138","COMPLETE","$10 Purchase of Uber Technologies","","Cash Balance"
"2026-06-15 09:30:28 EDT","","Stock Buy","USD","-$10.00","$0.00","-$10.00","VONG","$127.25","0.07858","COMPLETE","$10 Purchase of Vanguard Russell 1000 Growth ETF","","Cash Balance"
"2026-06-15 09:30:28 EDT","","Stock Buy","USD","-$10.00","$0.00","-$10.00","VONV","$107.49","0.09303","COMPLETE","$10 Purchase of Vanguard Russell 1000 Value ETF","","Cash Balance"
"2026-06-15 09:30:28 EDT","","Stock Buy","USD","-$10.00","$0.00","-$10.00","PYPL","$42.40","0.23584","COMPLETE","$10 Purchase of PayPal","","Cash Balance"
"2026-06-15 09:30:24 EDT","","Stock Buy","USD","-$10.00","$0.00","-$10.00","EBAY","$109.47","0.09134","COMPLETE","$10 Purchase of eBay","","Cash Balance"
"2026-06-15 09:30:23 EDT","","Stock Buy","USD","-$10.00","$0.00","-$10.00","VRSN","$279.21","0.03581","COMPLETE","$10 Purchase of VeriSign","","Cash Balance"
"2026-06-15 09:30:21 EDT","","Stock Buy","USD","-$5.00","$0.00","-$5.00","FISV","$49.00","0.10204","COMPLETE","$5 Purchase of Fiserv","","Cash Balance"
"2026-06-15 09:30:15 EDT","","Stock Buy","USD","-$10.00","$0.00","-$10.00","DOW","$32.71","0.30571","COMPLETE","$10 Purchase of Dow","","Cash Balance"
"2026-06-15 09:30:12 EDT","","Stock Buy","USD","-$10.00","$0.00","-$10.00","VDC","$231.00","0.04329","COMPLETE","$10 Purchase of Vanguard Consumer Staples Index Fund ETF","","Cash Balance"
"2026-06-15 09:30:08 EDT","","Stock Buy","USD","-$10.00","$0.00","-$10.00","SPCX","$171.99","0.05814","COMPLETE","$10 Purchase of SpaceX","","Cash Balance"
"2026-06-15 09:30:04 EDT","","Stock Buy","USD","-$10.00","$0.00","-$10.00","BUD","$82.83","0.12072","COMPLETE","$10 Purchase of Anheuser-Busch Inbev ","","Cash Balance"
"2026-06-15 09:30:03 EDT","","Stock Buy","USD","-$5.00","$0.00","-$5.00","MA","$490.50","0.01019","COMPLETE","$5 Purchase of Mastercard","","Cash Balance"
"2026-06-15 00:00:00 EDT","","Stock Dividends","USD","$0.02","$0.00","$0.02","GOOG","","","COMPLETE","$0.02 Dividend from Alphabet Inc. Class C ","","Cash Balance"
"2026-06-15 00:00:00 EDT","","Stock Dividends","USD","$0.02","$0.00","$0.02","GOOGL","","","COMPLETE","$0.02 Dividend from Alphabet Inc. Class A","","Cash Balance"
"2026-06-14 08:48:28 EDT","","Deposits","USD","$100.00","$0.00","$100.00","","","","COMPLETE","Add Cash","","Visa debit 3333"
"2026-06-13 20:43:33 EDT","","Deposits","USD","$100.00","$0.00","$100.00","","","","COMPLETE","Add Cash","","Visa debit 3333"
"2026-06-12 00:00:00 EDT","","Stock Dividends","USD","$0.05","$0.00","$0.05","DOW","","","COMPLETE","$0.05 Dividend from Dow","","Cash Balance"
"2026-06-11 17:56:56 EDT","","Deposits","USD","$100.00","$0.00","$100.00","","","","COMPLETE","Add Cash","","Visa debit 3333"
"2026-06-10 09:35:01 EDT","","Stock Buy","USD","-$10.00","$0.00","-$10.00","UNFI","$46.97","0.2129","COMPLETE","$10 Purchase of United Natural Foods","","Cash Balance"
"2026-06-10 09:32:30 EDT","","Stock Buy","USD","-$10.00","$0.00","-$10.00","ORCL","$200.00","0.05","COMPLETE","$10 Purchase of Oracle","","Cash Balance"
"2026-06-10 09:30:34 EDT","","Stock Buy","USD","-$10.00","$0.00","-$10.00","UPS","$105.78","0.09453","COMPLETE","$10 Purchase of United Parcel Service","","Cash Balance"
"2026-06-10 09:30:13 EDT","","Stock Buy","USD","-$10.00","$0.00","-$10.00","MSFT","$398.00","0.02512","COMPLETE","$10 Purchase of Microsoft","","Cash Balance"
"2026-06-10 09:30:11 EDT","","Stock Buy","USD","-$10.00","$0.00","-$10.00","CVS","$97.76","0.10229","COMPLETE","$10 Purchase of CVS Health","","Cash Balance"
"2026-06-10 09:30:11 EDT","","Stock Buy","USD","-$5.00","$0.00","-$5.00","CCEP","$97.17","0.05145","COMPLETE","$5 Purchase of Coca-Cola Europacific Partners","","Cash Balance"
"2026-06-10 09:30:10 EDT","","Stock Buy","USD","-$10.00","$0.00","-$10.00","MRNA","$47.30","0.21141","COMPLETE","$10 Purchase of Moderna","","Cash Balance"
"2026-06-10 09:30:09 EDT","","Stock Buy","USD","-$10.00","$0.00","-$10.00","EEFT","$65.28","0.15318","COMPLETE","$10 Purchase of Euronet","","Cash Balance"
"2026-06-10 09:30:05 EDT","","Stock Buy","USD","-$10.00","$0.00","-$10.00","FIS","$39.99","0.25006","COMPLETE","$10 Purchase of Fidelity National Information","","Cash Balance"
"2026-06-10 09:30:04 EDT","","Stock Buy","USD","-$10.00","$0.00","-$10.00","TMO","$491.59","0.02034","COMPLETE","$10 Purchase of Thermo Fisher Scientific","","Cash Balance"
"2026-06-09 13:58:10 EDT","","Stock Buy","USD","-$10.00","$0.00","-$10.00","DUK","$123.77","0.08079","COMPLETE","$10 Purchase of Duke Energy","","Cash Balance"
"2026-06-08 12:38:52 EDT","","","USD","$20.00","$0.00","$20.00","JPM","$312.37","0.06402","COMPLETE","$20 Sale of JPMorgan Chase","","Cash Balance"
"2026-06-08 12:37:34 EDT","","Stock Buy","USD","-$10.00","$0.00","-$10.00","AAPL","$312.95","0.03195","COMPLETE","$10 Purchase of Apple","","Cash Balance"
"2026-06-08 12:37:07 EDT","","","USD","$5.00","$0.00","$5.00","HOOD","$85.17","0.0587","COMPLETE","$5 Sale of Robinhood Markets","","Cash Balance"
"2026-06-08 12:36:43 EDT","","Bitcoin Sell","USD","$20.00","-$0.40","$19.60","BTC","$63,160.58","0.00031665","COMPLETE","sale of BTC 0.00031665","","Cash Balance"
"2026-06-08 12:36:20 EDT","","Stock Buy","USD","-$10.00","$0.00","-$10.00","TTD","$19.65","0.50896","COMPLETE","$10 Purchase of Trade Desk","","Cash Balance"
"2026-06-08 12:36:00 EDT","","Stock Buy","USD","-$10.00","$0.00","-$10.00","DKS","$214.52","0.04661","COMPLETE","$10 Purchase of Dick's Sporting Goods","","Cash Balance"
"2026-06-08 12:33:33 EDT","","Stock Buy","USD","-$10.00","$0.00","-$10.00","DIS","$99.13","0.10087","COMPLETE","$10 Purchase of Disney","","Cash Balance"
"2026-06-08 12:32:44 EDT","","Stock Buy","USD","-$10.00","$0.00","-$10.00","RDDT","$171.17","0.05842","COMPLETE","$10 Purchase of Reddit","","Cash Balance"
"2026-06-08 12:32:19 EDT","","","USD","$8.41","$0.00","$8.41","RUN","$13.77","0.61087","COMPLETE","$8.41 Sale of Sunrun","","Cash Balance"
"2026-06-08 12:31:27 EDT","","Stock Buy","USD","-$10.00","$0.00","-$10.00","V","$319.82","0.03126","COMPLETE","$10 Purchase of Visa","","Cash Balance"
"2026-06-08 12:30:32 EDT","","Stock Buy","USD","-$10.00","$0.00","-$10.00","NFLX","$82.12","0.12177","COMPLETE","$10 Purchase of Netflix","","Cash Balance"
"2026-06-08 12:30:19 EDT","","Stock Buy","USD","-$10.00","$0.00","-$10.00","ORCL","$213.71","0.04679","COMPLETE","$10 Purchase of Oracle","","Cash Balance"
"2026-06-08 12:30:05 EDT","","Stock Buy","USD","-$10.00","$0.00","-$10.00","META","$588.32","0.01699","COMPLETE","$10 Purchase of Meta","","Cash Balance"
"2026-06-08 12:29:25 EDT","","Stock Buy","USD","-$10.00","$0.00","-$10.00","RIVN","$17.52","0.57085","COMPLETE","$10 Purchase of Rivian Automotive","","Cash Balance"
"2026-06-08 09:30:13 EDT","","Stock Buy","USD","-$10.00","$0.00","-$10.00","DAL","$79.52","0.12575","COMPLETE","$10 Purchase of Delta Air Lines","","Cash Balance"
"2026-06-05 16:06:09 EDT","","Deposits","USD","$100.00","$0.00","$100.00","","","","COMPLETE","Add Cash","","Visa debit 3333"
"2026-06-04 12:58:08 EDT","","Deposits","USD","$100.00","$0.00","$100.00","","","","FAILED","Add Cash","","Visa debit 3333"
"2026-06-04 09:36:20 EDT","","Stock Buy","USD","-$10.00","$0.00","-$10.00","WFC","$80.13","0.12479","COMPLETE","$10 Purchase of Wells Fargo","","Cash Balance"
"2026-06-04 09:31:36 EDT","","Stock Buy","USD","-$20.00","$0.00","-$20.00","XYZ","$70.84","0.28232","COMPLETE","$20 Purchase of Block","","Cash Balance"
"2026-06-04 09:30:48 EDT","","Stock Buy","USD","-$10.00","$0.00","-$10.00","SAP","$191.55","0.0522","COMPLETE","$10 Purchase of SAP","","Cash Balance"
"2026-06-04 09:30:24 EDT","","Stock Buy","USD","-$10.00","$0.00","-$10.00","META","$624.43","0.01601","COMPLETE","$10 Purchase of Meta","","Cash Balance"
"2026-06-04 09:30:21 EDT","","Stock Buy","USD","-$10.00","$0.00","-$10.00","IBM","$309.06","0.03235","COMPLETE","$10 Purchase of IBM","","Cash Balance"
"2026-06-04 09:30:20 EDT","","","USD","$10.01","$0.00","$10.01","EMB","$96.15","0.10416","COMPLETE","$10.01 Sale of iShares JP Morgan USD Emerging Markets Bond ETF","","Cash Balance"
"2026-06-04 09:30:20 EDT","","Stock Buy","USD","-$10.00","$0.00","-$10.00","SHOP","$115.98","0.08622","COMPLETE","$10 Purchase of Shopify","","Cash Balance"
"2026-06-04 09:30:18 EDT","","Stock Buy","USD","-$5.00","$0.00","-$5.00","INTC","$108.42","0.04611","COMPLETE","$5 Purchase of Intel","","Cash Balance"
"2026-06-04 09:30:18 EDT","","Stock Buy","USD","-$9.99","$0.00","-$9.99","CRWD","$678.00","0.01474","COMPLETE","$9.99 Purchase of CrowdStrike","","Cash Balance"
"2026-06-04 09:30:18 EDT","","Stock Buy","USD","-$10.00","$0.00","-$10.00","PZZA","$32.34","0.30921","COMPLETE","$10 Purchase of Papa John's","","Cash Balance"
"2026-06-04 09:30:18 EDT","","Stock Buy","USD","-$5.00","$0.00","-$5.00","UBER","$72.92","0.06856","COMPLETE","$5 Purchase of Uber Technologies","","Cash Balance"
"2026-06-04 09:30:17 EDT","","Stock Buy","USD","-$10.00","$0.00","-$10.00","ALLY","$41.48","0.24108","COMPLETE","$10 Purchase of Ally Financial","","Cash Balance"
"2026-06-04 09:30:17 EDT","","Stock Buy","USD","-$10.00","$0.00","-$10.00","COIN","$164.22","0.06089","COMPLETE","$10 Purchase of Coinbase","","Cash Balance"
"2026-06-04 09:30:16 EDT","","Stock Buy","USD","-$10.00","$0.00","-$10.00","INTU","$320.48","0.0312","COMPLETE","$10 Purchase of Intuit","","Cash Balance"
"2026-06-04 09:30:15 EDT","","Stock Buy","USD","-$10.00","$0.00","-$10.00","DASH","$155.49","0.06431","COMPLETE","$10 Purchase of DoorDash","","Cash Balance"
"2026-06-04 09:30:14 EDT","","Stock Buy","USD","-$10.00","$0.00","-$10.00","HOOD","$83.25","0.12012","COMPLETE","$10 Purchase of Robinhood Markets","","Cash Balance"
"2026-06-04 09:30:13 EDT","","Stock Buy","USD","-$10.00","$0.00","-$10.00","MCD","$277.80","0.03599","COMPLETE","$10 Purchase of McDonald's","","Cash Balance"
"2026-06-04 09:30:12 EDT","","Stock Buy","USD","-$10.00","$0.00","-$10.00","CRCL","$90.81","0.11012","COMPLETE","$10 Purchase of Circle","","Cash Balance"
"2026-06-04 09:30:11 EDT","","Stock Buy","USD","-$10.00","$0.00","-$10.00","AMZN","$253.10","0.03951","COMPLETE","$10 Purchase of Amazon","","Cash Balance"
"2026-06-04 09:30:09 EDT","","Stock Buy","USD","-$10.00","$0.00","-$10.00","OKTA","$122.75","0.08146","COMPLETE","$10 Purchase of Okta","","Cash Balance"
"2026-06-04 09:30:07 EDT","","","USD","$10.21","$0.00","$10.21","OWL","$9.79","1.04329","COMPLETE","$10.21 Sale of Blue Owl Capital","","Cash Balance"
"2026-06-04 09:30:06 EDT","","Stock Buy","USD","-$10.00","$0.00","-$10.00","PLTR","$145.63","0.06866","COMPLETE","$10 Purchase of Palantir Technologies","","Cash Balance"
"2026-06-04 09:30:04 EDT","","Stock Buy","USD","-$10.00","$0.00","-$10.00","TTD","$21.01","0.47596","COMPLETE","$10 Purchase of Trade Desk","","Cash Balance"
"2026-06-04 09:30:03 EDT","","Stock Buy","USD","-$10.00","$0.00","-$10.00","Z","$36.36","0.27502","COMPLETE","$10 Purchase of Zillow Class C","","Cash Balance"
"2026-06-04 09:30:03 EDT","","","USD","$9.87","$0.00","$9.87","KWEB","$27.27","0.36205","COMPLETE","$9.87 Sale of KraneShares Trust KraneShares CSI China Internet ETF","","Cash Balance"
"2026-06-04 09:30:02 EDT","","Stock Buy","USD","-$10.00","$0.00","-$10.00","ZG","$36.25","0.27586","COMPLETE","$10 Purchase of Zillow Class A","","Cash Balance"
"2026-06-04 09:30:00 EDT","","","USD","$10.10","$0.00","$10.10","NOBL","$54.04","0.18695","COMPLETE","$10.10 Sale of ProShares S&P 500 Dividend Aristocrats ETF","","Cash Balance"
"2026-06-04 06:26:38 EDT","","Deposits","USD","$100.00","$0.00","$100.00","","","","FAILED","Add Cash","","Visa debit 3333"
"2026-06-04 03:41:38 EDT","","Deposits","USD","$100.00","$0.00","$100.00","","","","FAILED","Add Cash","","Visa debit 3333"
"2026-06-03 20:28:18 EDT","","Deposits","USD","$50.00","$0.00","$50.00","","","","FAILED","Add Cash","","Visa debit 5895"
"2026-06-03 20:27:32 EDT","","Deposits","USD","$50.00","$0.00","$50.00","","","","FAILED","Add Cash","","Visa debit 3333"
"2026-06-03 20:11:27 EDT","","Deposits","USD","$100.00","$0.00","$100.00","","","","FAILED","Add Cash","","Visa debit 3333"
"2026-06-03 19:07:23 EDT","","Deposits","USD","$100.00","$0.00","$100.00","","","","FAILED","Add Cash","","Visa debit 3333"
"2026-06-03 17:59:53 EDT","","Deposits","USD","$100.00","$0.00","$100.00","","","","FAILED","Add Cash","","Visa debit 3333"
"2026-06-03 16:11:28 EDT","","Deposits","USD","$100.00","$0.00","$100.00","","","","COMPLETE","Add Cash","","Visa debit 3333"
"2026-06-03 15:55:46 EDT","","Stock Buy","USD","-$10.00","$0.00","-$10.00","DKS","$224.36","0.04457","COMPLETE","$10 Purchase of Dick's Sporting Goods","","Cash Balance"
"2026-06-03 15:54:07 EDT","","Deposits","USD","$100.00","$0.00","$100.00","","","","FAILED","Add Cash","","Visa debit 3333"
"2026-06-03 15:53:34 EDT","","Stock Buy","USD","-$10.00","$0.00","-$10.00","MSGS","$382.58","0.02613","COMPLETE","$10 Purchase of Madison Square Garden","","Cash Balance"
"2026-06-03 15:51:59 EDT","","Stock Buy","USD","-$10.00","$0.00","-$10.00","MCD","$273.70","0.03653","COMPLETE","$10 Purchase of McDonald's","","Cash Balance"
"2026-06-03 15:48:53 EDT","","Stock Buy","USD","-$10.00","$0.00","-$10.00","EWY","$212.30","0.0471","COMPLETE","$10 Purchase of iShares MSCI South Korea ETF","","Cash Balance"
"2026-06-03 15:46:16 EDT","","Stock Buy","USD","-$10.00","$0.00","-$10.00","VHT","$275.16","0.03634","COMPLETE","$10 Purchase of Vanguard Health Care ETF","","Cash Balance"
"2026-06-03 15:45:45 EDT","","Stock Buy","USD","-$10.00","$0.00","-$10.00","DBX","$27.67","0.36141","COMPLETE","$10 Purchase of Dropbox","","Cash Balance"
"2026-06-03 15:44:18 EDT","","Stock Buy","USD","-$10.00","$0.00","-$10.00","TM","$180.19","0.05549","COMPLETE","$10 Purchase of Toyota Motor","","Cash Balance"
"2026-06-03 15:43:57 EDT","","Stock Buy","USD","-$10.00","$0.00","-$10.00","HMC","$27.76","0.36024","COMPLETE","$10 Purchase of Honda Motor","","Cash Balance"
"2026-06-03 15:43:32 EDT","","Stock Buy","USD","-$10.00","$0.00","-$10.00","H","$186.36","0.05365","COMPLETE","$10 Purchase of Hyatt Hotels Corporation","","Cash Balance"
"2026-06-03 15:43:16 EDT","","Stock Buy","USD","-$10.00","$0.00","-$10.00","GM","$82.16","0.12171","COMPLETE","$10 Purchase of General Motors","","Cash Balance"
"2026-06-03 15:41:22 EDT","","Stock Buy","USD","-$10.00","$0.00","-$10.00","MRK","$115.06","0.08691","COMPLETE","$10 Purchase of Merck","","Cash Balance"
"2026-06-03 15:40:58 EDT","","Stock Buy","USD","-$25.00","$0.00","-$25.00","PSKY","$10.51","2.37891","COMPLETE","$25 Purchase of Paramount Skydance","","Cash Balance"
"2026-06-03 15:39:35 EDT","","Deposits","USD","$200.00","$0.00","$200.00","","","","COMPLETE","Add Cash","","Visa debit 3333"
"2026-06-03 15:39:17 EDT","","Stock Buy","USD","-$20.00","$0.00","-$20.00","AMD","$543.37","0.0368","COMPLETE","$20 Purchase of Advanced Micro Devices","","Cash Balance"
"2026-06-03 15:38:51 EDT","","Stock Buy","USD","-$10.00","$0.00","-$10.00","ORCL","$231.75","0.04314","COMPLETE","$10 Purchase of Oracle","","Cash Balance"
"2026-06-03 15:38:31 EDT","","Stock Buy","USD","-$10.00","$0.00","-$10.00","MA","$472.09","0.02118","COMPLETE","$10 Purchase of Mastercard","","Cash Balance"
"2026-06-03 15:38:07 EDT","","Stock Buy","USD","-$10.00","$0.00","-$10.00","FISV","$55.13","0.18139","COMPLETE","$10 Purchase of Fiserv","","Cash Balance"
"2026-06-03 15:37:18 EDT","","Stock Buy","USD","-$10.00","$0.00","-$10.00","YUM","$149.14","0.06704","COMPLETE","$10 Purchase of Yum! Brands","","Cash Balance"
"2026-06-03 15:37:04 EDT","","Stock Buy","USD","-$10.00","$0.00","-$10.00","KO","$78.68","0.12709","COMPLETE","$10 Purchase of Coca-Cola","","Cash Balance"
"2026-06-03 15:36:21 EDT","","Stock Buy","USD","-$10.00","$0.00","-$10.00","COKE","$177.12","0.05645","COMPLETE","$10 Purchase of Coca-Cola Consolidated","","Cash Balance"
"2026-06-03 15:35:58 EDT","","Stock Buy","USD","-$10.00","$0.00","-$10.00","VSS","$158.69","0.06301","COMPLETE","$10 Purchase of Vanguard FTSE All World ex US Small Cap ETF","","Cash Balance"
"2026-06-03 15:33:07 EDT","","Stock Buy","USD","-$10.00","$0.00","-$10.00","WFC","$78.68","0.12709","COMPLETE","$10 Purchase of Wells Fargo","","Cash Balance"
"2026-06-03 15:32:54 EDT","","Stock Buy","USD","-$9.99","$0.00","-$9.99","GS","$1,046.43","0.00955","COMPLETE","$9.99 Purchase of Goldman Sachs","","Cash Balance"
"2026-06-03 15:32:40 EDT","","Stock Buy","USD","-$10.00","$0.00","-$10.00","GSLC","$143.36","0.06975","COMPLETE","$10 Purchase of Goldman Sachs ActiveBeta U.S. Large Cap Equity ETF","","Cash Balance"
"2026-06-03 15:32:23 EDT","","Stock Buy","USD","-$10.00","$0.00","-$10.00","MS","$210.82","0.04743","COMPLETE","$10 Purchase of Morgan Stanley","","Cash Balance"
"2026-06-03 15:32:10 EDT","","Stock Buy","USD","-$10.00","$0.00","-$10.00","WBD","$27.05","0.36969","COMPLETE","$10 Purchase of Warner Bros. Discovery ","","Cash Balance"
"2026-06-03 15:31:42 EDT","","Stock Buy","USD","-$10.00","$0.00","-$10.00","LECO","$263.40","0.03796","COMPLETE","$10 Purchase of Lincoln Electric","","Cash Balance"
"2026-06-03 15:30:45 EDT","","Stock Buy","USD","-$10.00","$0.00","-$10.00","V","$314.23","0.03182","COMPLETE","$10 Purchase of Visa","","Cash Balance"
"2026-06-03 15:30:11 EDT","","Deposits","USD","$200.00","$0.00","$200.00","","","","COMPLETE","Add Cash","","Visa debit 3333"
"2026-06-03 15:29:50 EDT","","Stock Buy","USD","-$10.00","$0.00","-$10.00","CRM","$190.53","0.05248","COMPLETE","$10 Purchase of Salesforce","","Cash Balance"
"2026-06-03 15:29:17 EDT","","Bitcoin Buy","USD","-$9.80","-$0.20","-$10.00","BTC","$66,010.01","0.00014846","COMPLETE","purchase of BTC 0.00014846","","Cash Balance"
"2026-06-03 15:28:58 EDT","","Stock Buy","USD","-$10.00","$0.00","-$10.00","DOW","$35.50","0.2817","COMPLETE","$10 Purchase of Dow","","Cash Balance"
"2026-06-03 15:28:29 EDT","","Stock Buy","USD","-$25.00","$0.00","-$25.00","UBER","$71.11","0.35157","COMPLETE","$25 Purchase of Uber Technologies","","Cash Balance"
"2026-06-03 15:27:58 EDT","","Stock Buy","USD","-$10.00","$0.00","-$10.00","PD","$9.11","1.09781","COMPLETE","$10 Purchase of PagerDuty","","Cash Balance"
"2026-06-03 15:25:59 EDT","","Stock Buy","USD","-$25.00","$0.00","-$25.00","AMX","$25.63","0.97549","COMPLETE","$25 Purchase of America Movil","","Cash Balance"
"2026-06-03 15:25:09 EDT","","Stock Buy","USD","-$25.00","$0.00","-$25.00","CG","$41.89","0.59682","COMPLETE","$25 Purchase of The Carlyle Group","","Cash Balance"
"2026-06-03 15:24:53 EDT","","Stock Buy","USD","-$20.00","$0.00","-$20.00","RDDT","$167.82","0.11917","COMPLETE","$20 Purchase of Reddit","","Cash Balance"
"2026-06-03 15:24:06 EDT","","Stock Buy","USD","-$10.00","$0.00","-$10.00","CLX","$88.42","0.11309","COMPLETE","$10 Purchase of Clorox","","Cash Balance"
"2026-06-03 15:23:43 EDT","","Stock Buy","USD","-$10.00","$0.00","-$10.00","NET","$266.97","0.03745","COMPLETE","$10 Purchase of Cloudflare","","Cash Balance"
"2026-06-03 15:23:22 EDT","","Stock Buy","USD","-$10.00","$0.00","-$10.00","NFLX","$81.55","0.12262","COMPLETE","$10 Purchase of Netflix","","Cash Balance"
"2026-06-03 15:23:08 EDT","","Stock Buy","USD","-$10.00","$0.00","-$10.00","AMZN","$248.50","0.04024","COMPLETE","$10 Purchase of Amazon","","Cash Balance"
"2026-06-03 15:22:37 EDT","","Stock Buy","USD","-$10.00","$0.00","-$10.00","XYZ","$69.87","0.14312","COMPLETE","$10 Purchase of Block","","Cash Balance"
"2026-06-03 15:21:41 EDT","","Deposits","USD","$200.00","$0.00","$200.00","","","","COMPLETE","Add Cash","","Visa debit 3333"
"2026-06-03 15:20:29 EDT","","Stock Buy","USD","-$10.00","$0.00","-$10.00","MSFT","$428.31","0.02334","COMPLETE","$10 Purchase of Microsoft","","Cash Balance"
"2026-06-03 15:20:16 EDT","","Stock Buy","USD","-$10.00","$0.00","-$10.00","CRWD","$757.85","0.01319","COMPLETE","$10 Purchase of CrowdStrike","","Cash Balance"
"2026-06-03 14:46:30 EDT","","Stock Buy","USD","-$10.00","$0.00","-$10.00","ORCL","$232.00","0.0431","COMPLETE","$10 Purchase of Oracle","","Cash Balance"
"2026-06-03 14:46:11 EDT","","Stock Buy","USD","-$10.00","$0.00","-$10.00","JPM","$301.75","0.03314","COMPLETE","$10 Purchase of JPMorgan Chase","","Cash Balance"
"2026-06-03 14:45:50 EDT","","Stock Buy","USD","-$10.00","$0.00","-$10.00","PZZA","$31.85","0.314","COMPLETE","$10 Purchase of Papa John's","","Cash Balance"
"2026-06-03 13:42:41 EDT","","Stock Buy","USD","-$10.00","$0.00","-$10.00","WMG","$29.66","0.33718","COMPLETE","$10 Purchase of Warner Music","","Cash Balance"
"2026-06-03 13:41:52 EDT","","Stock Buy","USD","-$10.00","$0.00","-$10.00","DAL","$78.79","0.12692","COMPLETE","$10 Purchase of Delta Air Lines","","Cash Balance"
"2026-06-03 13:41:00 EDT","","Stock Buy","USD","-$10.00","$0.00","-$10.00","BRK.B","$478.13","0.02091","COMPLETE","$10 Purchase of Berkshire Hathaway Class B","","Cash Balance"
"2026-06-03 13:35:24 EDT","","Stock Buy","USD","-$10.00","$0.00","-$10.00","WFC","$78.34","0.12765","COMPLETE","$10 Purchase of Wells Fargo","","Cash Balance"
"2026-06-03 13:35:10 EDT","","Stock Buy","USD","-$20.00","$0.00","-$20.00","VZ","$46.50","0.43011","COMPLETE","$20 Purchase of Verizon Communications","","Cash Balance"
"2026-06-03 12:57:03 EDT","","Stock Buy","USD","-$10.00","$0.00","-$10.00","XYZ","$69.67","0.14353","COMPLETE","$10 Purchase of Block","","Cash Balance"
"2026-06-03 12:56:00 EDT","","Stock Buy","USD","-$10.00","$0.00","-$10.00","DIS","$99.71","0.10029","COMPLETE","$10 Purchase of Disney","","Cash Balance"
"2026-06-03 12:17:25 EDT","","Stock Buy","USD","-$10.00","$0.00","-$10.00","V","$311.31","0.03212","COMPLETE","$10 Purchase of Visa","","Cash Balance"
"2026-06-03 12:17:07 EDT","","Savings Internal Transfer","USD","-$50.00","$0.00","-$50.00","","","","COMPLETE","Savings","","Cash Balance"
"2026-06-03 12:16:50 EDT","","Bitcoin Buy","USD","-$9.80","-$0.20","-$10.00","BTC","$66,582.56","0.00014719","COMPLETE","purchase of BTC 0.00014719","","Cash Balance"
"2026-06-03 12:16:20 EDT","","Stock Buy","USD","-$10.00","$0.00","-$10.00","UBER","$70.52","0.1418","COMPLETE","$10 Purchase of Uber Technologies","","Cash Balance"
"2026-06-03 12:15:42 EDT","","Stock Buy","USD","-$10.00","$0.00","-$10.00","INTU","$313.03","0.03194","COMPLETE","$10 Purchase of Intuit","","Cash Balance"
"2026-06-03 12:02:11 EDT","","Stock Buy","USD","-$10.00","$0.00","-$10.00","BBJP","$76.02","0.13154","COMPLETE","$10 Purchase of JPMorgan BetaBuilders Japan ETF","","Cash Balance"
"2026-06-03 11:53:29 EDT","","Stock Buy","USD","-$10.00","$0.00","-$10.00","VGLT","$54.44","0.18369","COMPLETE","$10 Purchase of Vanguard Long-Treasury ETF","","Cash Balance"
"2026-06-03 11:52:14 EDT","","Stock Buy","USD","-$10.00","$0.00","-$10.00","AFRM","$65.83","0.1519","COMPLETE","$10 Purchase of Affirm","","Cash Balance"
"2026-06-03 11:51:48 EDT","","Stock Buy","USD","-$10.00","$0.00","-$10.00","GOOG","$355.87","0.02809","COMPLETE","$10 Purchase of Alphabet Inc. Class C ","","Cash Balance"
"2026-06-03 11:51:35 EDT","","Stock Buy","USD","-$10.00","$0.00","-$10.00","GOOGL","$359.69","0.0278","COMPLETE","$10 Purchase of Alphabet Inc. Class A","","Cash Balance"
"2026-06-03 11:50:37 EDT","","Deposits","USD","$100.00","$0.00","$100.00","","","","COMPLETE","Add Cash","","Visa debit 3333"
"2026-06-03 11:50:14 EDT","","Stock Buy","USD","-$10.00","$0.00","-$10.00","XYZ","$69.62","0.14364","COMPLETE","$10 Purchase of Block","","Cash Balance"
"2026-06-03 11:49:42 EDT","","Stock Buy","USD","-$10.00","$0.00","-$10.00","VFH","$124.12","0.08056","COMPLETE","$10 Purchase of Vanguard Financials ETF","","Cash Balance"
"2026-06-03 11:49:05 EDT","","Stock Buy","USD","-$10.00","$0.00","-$10.00","VHT","$275.30","0.03632","COMPLETE","$10 Purchase of Vanguard Health Care ETF","","Cash Balance"
"2026-06-03 11:41:41 EDT","","Stock Buy","USD","-$10.00","$0.00","-$10.00","UHAL","$55.46","0.18029","COMPLETE","$10 Purchase of U-Haul","","Cash Balance"
"2026-06-03 11:41:17 EDT","","Stock Buy","USD","-$10.00","$0.00","-$10.00","PZZA","$31.55","0.31691","COMPLETE","$10 Purchase of Papa John's","","Cash Balance"
"2026-06-03 11:20:08 EDT","","Stock Buy","USD","-$10.00","$0.00","-$10.00","MA","$467.00","0.02141","COMPLETE","$10 Purchase of Mastercard","","Cash Balance"
"2026-06-03 11:19:46 EDT","","Stock Buy","USD","-$10.00","$0.00","-$10.00","M","$21.62","0.46262","COMPLETE","$10 Purchase of Macy's","","Cash Balance"
"2026-06-03 11:19:28 EDT","","Stock Buy","USD","-$10.00","$0.00","-$10.00","GOOGL","$359.35","0.02782","COMPLETE","$10 Purchase of Alphabet Inc. Class A","","Cash Balance"
"2026-06-03 11:18:55 EDT","","Stock Buy","USD","-$20.00","$0.00","-$20.00","YUM","$149.54","0.13374","COMPLETE","$20 Purchase of Yum! Brands","","Cash Balance"
"2026-06-03 11:18:39 EDT","","Stock Buy","USD","-$10.00","$0.00","-$10.00","MCD","$274.87","0.03638","COMPLETE","$10 Purchase of McDonald's","","Cash Balance"
"2026-06-03 11:18:18 EDT","","Stock Buy","USD","-$10.00","$0.00","-$10.00","KO","$78.50","0.12739","COMPLETE","$10 Purchase of Coca-Cola","","Cash Balance"
"2026-06-03 11:17:56 EDT","","Stock Buy","USD","-$1.00","$0.00","-$1.00","COIN","$166.43","0.006","COMPLETE","$1 Purchase of Coinbase","","Cash Balance"
"2026-06-03 11:17:16 EDT","","","USD","$5.00","$0.00","$5.00","DKNG","$24.87","0.20103","COMPLETE","$5 Sale of Draft Kings","","Cash Balance"
"2026-06-03 11:16:53 EDT","","","USD","$19.99","$0.00","$19.99","LITE","$967.22","0.02067","COMPLETE","$19.99 Sale of Lumentum","","Cash Balance"
"2026-06-03 11:15:33 EDT","","Stock Buy","USD","-$10.00","$0.00","-$10.00","V","$310.22","0.03223","COMPLETE","$10 Purchase of Visa","","Cash Balance"
"2026-06-03 11:14:44 EDT","","Bitcoin Buy","USD","-$0.98","-$0.02","-$1.00","BTC","$66,904.02","0.00001465","COMPLETE","purchase of BTC 0.00001465","","Cash Balance"
"2026-06-03 11:14:26 EDT","","Deposits","USD","$200.00","$0.00","$200.00","","","","COMPLETE","Add Cash","","Visa debit 3333"
"2026-06-03 11:13:51 EDT","","Stock Buy","USD","-$10.00","$0.00","-$10.00","MCD","$275.38","0.03631","COMPLETE","$10 Purchase of McDonald's","","Cash Balance"
"2026-06-03 11:12:56 EDT","","Stock Buy","USD","-$10.00","$0.00","-$10.00","JPM","$297.45","0.03361","COMPLETE","$10 Purchase of JPMorgan Chase","","Cash Balance"
"2026-06-03 11:12:32 EDT","","Stock Buy","USD","-$10.00","$0.00","-$10.00","PZZA","$31.51","0.31732","COMPLETE","$10 Purchase of Papa John's","","Cash Balance"
"2026-06-03 11:12:01 EDT","","Stock Buy","USD","-$10.00","$0.00","-$10.00","TSLA","$432.10","0.02314","COMPLETE","$10 Purchase of Tesla","","Cash Balance"
"2026-06-03 11:11:16 EDT","","Stock Buy","USD","-$10.00","$0.00","-$10.00","WMT","$116.23","0.08603","COMPLETE","$10 Purchase of Walmart","","Cash Balance"
"2026-06-03 11:10:50 EDT","","Stock Buy","USD","-$10.00","$0.00","-$10.00","BNDX","$48.06","0.20807","COMPLETE","$10 Purchase of Vanguard Total International Bond ETF","","Cash Balance"
"2026-06-03 11:10:08 EDT","","Stock Buy","USD","-$10.00","$0.00","-$10.00","F","$15.89","0.62936","COMPLETE","$10 Purchase of Ford Motor","","Cash Balance"
"2026-06-03 11:08:51 EDT","","Stock Buy","USD","-$10.00","$0.00","-$10.00","VSS","$159.25","0.06279","COMPLETE","$10 Purchase of Vanguard FTSE All World ex US Small Cap ETF","","Cash Balance"
"2026-06-03 11:08:22 EDT","","Stock Buy","USD","-$10.00","$0.00","-$10.00","ADP","$226.23","0.0442","COMPLETE","$10 Purchase of Automatic Data Processing","","Cash Balance"
"2026-06-03 11:07:55 EDT","","Stock Buy","USD","-$10.00","$0.00","-$10.00","META","$616.31","0.01622","COMPLETE","$10 Purchase of Meta","","Cash Balance"
"2026-06-03 11:07:22 EDT","","Stock Buy","USD","-$10.00","$0.00","-$10.00","IEP","$7.54","1.32643","COMPLETE","$10 Purchase of Icahn Enterprises","","Cash Balance"
"2026-06-03 11:06:50 EDT","","Stock Buy","USD","-$10.00","$0.00","-$10.00","VSS","$159.33","0.06276","COMPLETE","$10 Purchase of Vanguard FTSE All World ex US Small Cap ETF","","Cash Balance"
"2026-06-03 10:35:31 EDT","","Stock Buy","USD","-$10.00","$0.00","-$10.00","WFC","$78.08","0.12807","COMPLETE","$10 Purchase of Wells Fargo","","Cash Balance"
"2026-06-03 09:55:07 EDT","","Stock Buy","USD","-$10.00","$0.00","-$10.00","MCD","$275.84","0.03625","COMPLETE","$10 Purchase of McDonald's","","Cash Balance"
"2026-06-03 09:54:31 EDT","","Stock Buy","USD","-$10.00","$0.00","-$10.00","BAM","$45.68","0.21892","COMPLETE","$10 Purchase of Brookfield Asset Management","","Cash Balance"
"2026-06-03 09:53:46 EDT","","Stock Buy","USD","-$10.00","$0.00","-$10.00","PD","$9.41","1.06292","COMPLETE","$10 Purchase of PagerDuty","","Cash Balance"
"2026-06-03 09:53:14 EDT","","Stock Buy","USD","-$10.00","$0.00","-$10.00","DOCU","$52.74","0.18959","COMPLETE","$10 Purchase of DocuSign","","Cash Balance"
"2026-06-03 09:52:36 EDT","","Stock Buy","USD","-$10.00","$0.00","-$10.00","JPM","$298.71","0.03347","COMPLETE","$10 Purchase of JPMorgan Chase","","Cash Balance"
"2026-06-03 09:49:03 EDT","","Deposits","USD","$100.00","$0.00","$100.00","","","","COMPLETE","Add Cash","","Visa debit 3333"
"2026-06-03 09:48:39 EDT","","Stock Buy","USD","-$10.00","$0.00","-$10.00","DELL","$412.63","0.02423","COMPLETE","$10 Purchase of Dell Technologies","","Cash Balance"
"2026-06-03 09:48:13 EDT","","Stock Buy","USD","-$10.00","$0.00","-$10.00","META","$608.55","0.01643","COMPLETE","$10 Purchase of Meta","","Cash Balance"
"2026-06-03 09:43:52 EDT","","Stock Buy","USD","-$10.00","$0.00","-$10.00","XYZ","$71.59","0.13968","COMPLETE","$10 Purchase of Block","","Cash Balance"
"2026-06-03 09:43:35 EDT","","Stock Buy","USD","-$10.00","$0.00","-$10.00","AMZN","$255.55","0.03913","COMPLETE","$10 Purchase of Amazon","","Cash Balance"
"2026-06-03 09:34:50 EDT","","Stock Buy","USD","-$10.00","$0.00","-$10.00","BRK.B","$470.44","0.02125","COMPLETE","$10 Purchase of Berkshire Hathaway Class B","","Cash Balance"
"2026-06-03 09:33:56 EDT","","Stock Buy","USD","-$1.00","$0.00","-$1.00","XYZ","$72.82","0.01373","COMPLETE","$1 Purchase of Block","","Cash Balance"
"2026-06-03 09:33:39 EDT","","Stock Buy","USD","-$10.00","$0.00","-$10.00","ORCL","$236.10","0.04235","COMPLETE","$10 Purchase of Oracle","","Cash Balance"
"2026-06-03 09:33:11 EDT","","Stock Buy","USD","-$10.00","$0.00","-$10.00","F","$16.14","0.61957","COMPLETE","$10 Purchase of Ford Motor","","Cash Balance"
"2026-06-03 09:33:00 EDT","","Stock Buy","USD","-$10.00","$0.00","-$10.00","MS","$212.67","0.04702","COMPLETE","$10 Purchase of Morgan Stanley","","Cash Balance"
"2026-06-03 09:33:00 EDT","","Stock Buy","USD","-$1.00","$0.00","-$1.00","WFC","$78.67","0.01271","COMPLETE","$1 Purchase of Wells Fargo","","Cash Balance"
"2026-06-03 09:32:54 EDT","","Stock Buy","USD","-$10.00","$0.00","-$10.00","DELL","$430.00","0.02325","COMPLETE","$10 Purchase of Dell Technologies","","Cash Balance"
"2026-06-03 09:30:32 EDT","","Stock Buy","USD","-$1.00","$0.00","-$1.00","UBER","$71.00","0.01408","COMPLETE","$1 Purchase of Uber Technologies","","Cash Balance"
"2026-06-03 09:30:31 EDT","","Stock Buy","USD","-$10.00","$0.00","-$10.00","MGM","$48.00","0.20833","COMPLETE","$10 Purchase of MGM Resorts","","Cash Balance"
"2026-06-03 09:30:22 EDT","","Stock Buy","USD","-$10.00","$0.00","-$10.00","T","$24.09","0.41511","COMPLETE","$10 Purchase of AT&T","","Cash Balance"
"2026-06-03 09:30:19 EDT","","Stock Buy","USD","-$1.00","$0.00","-$1.00","OXY","$59.50","0.0168","COMPLETE","$1 Purchase of Occidental Petroleum","","Cash Balance"
"2026-06-03 09:30:19 EDT","","Stock Buy","USD","-$10.00","$0.00","-$10.00","OWL","$9.59","1.04329","COMPLETE","$10 Purchase of Blue Owl Capital","","Cash Balance"
"2026-06-03 09:30:18 EDT","","Stock Buy","USD","-$1.00","$0.00","-$1.00","META","$601.07","0.00166","COMPLETE","$1 Purchase of Meta","","Cash Balance"
"2026-06-03 09:30:17 EDT","","Stock Buy","USD","-$10.00","$0.00","-$10.00","HTZ","$5.13","1.94931","COMPLETE","$10 Purchase of Hertz","","Cash Balance"
"2026-06-03 09:30:17 EDT","","Stock Buy","USD","-$10.00","$0.00","-$10.00","ALKT","$17.60","0.56818","COMPLETE","$10 Purchase of Alkami Technology","","Cash Balance"
"2026-06-03 09:30:17 EDT","","Stock Buy","USD","-$10.00","$0.00","-$10.00","CXSE","$40.61","0.24624","COMPLETE","$10 Purchase of WisdomTree China ex-State-Owned Enterprises ETF","","Cash Balance"
"2026-06-03 09:30:16 EDT","","Stock Buy","USD","-$10.00","$0.00","-$10.00","EMB","$96.00","0.10416","COMPLETE","$10 Purchase of iShares JP Morgan USD Emerging Markets Bond ETF","","Cash Balance"
"2026-06-03 09:30:16 EDT","","Stock Buy","USD","-$10.00","$0.00","-$10.00","VONV","$104.82","0.0954","COMPLETE","$10 Purchase of Vanguard Russell 1000 Value ETF","","Cash Balance"
"2026-06-03 09:30:16 EDT","","Stock Buy","USD","-$10.00","$0.00","-$10.00","VOO","$697.19","0.01434","COMPLETE","$10 Purchase of Vanguard S&P 500 ETF","","Cash Balance"
"2026-06-03 09:30:15 EDT","","Stock Buy","USD","-$10.00","$0.00","-$10.00","NFLX","$82.95","0.12055","COMPLETE","$10 Purchase of Netflix","","Cash Balance"
"2026-06-03 09:30:15 EDT","","Stock Buy","USD","-$10.00","$0.00","-$10.00","SPOT","$501.50","0.01994","COMPLETE","$10 Purchase of Spotify","","Cash Balance"
"2026-06-03 09:30:15 EDT","","Stock Buy","USD","-$1.00","$0.00","-$1.00","V","$317.65","0.00314","COMPLETE","$1 Purchase of Visa","","Cash Balance"
"2026-06-03 09:30:14 EDT","","Stock Buy","USD","-$1.00","$0.00","-$1.00","CSCO","$126.25","0.00792","COMPLETE","$1 Purchase of Cisco Systems","","Cash Balance"
"2026-06-03 09:30:14 EDT","","Stock Buy","USD","-$10.00","$0.00","-$10.00","UHAL","$55.54","0.18005","COMPLETE","$10 Purchase of U-Haul","","Cash Balance"
"2026-06-03 09:30:13 EDT","","Stock Buy","USD","-$10.00","$0.00","-$10.00","BNDX","$48.13","0.20777","COMPLETE","$10 Purchase of Vanguard Total International Bond ETF","","Cash Balance"
"2026-06-03 09:30:13 EDT","","Stock Buy","USD","-$1.00","$0.00","-$1.00","AMZN","$254.40","0.00393","COMPLETE","$1 Purchase of Amazon","","Cash Balance"
"2026-06-03 09:30:12 EDT","","Stock Buy","USD","-$1.00","$0.00","-$1.00","VMBS","$46.56","0.02147","COMPLETE","$1 Purchase of Vanguard Mortgage-Backed Securities ETF","","Cash Balance"
"2026-06-03 09:30:12 EDT","","Stock Buy","USD","-$10.00","$0.00","-$10.00","QCOM","$235.74","0.04241","COMPLETE","$10 Purchase of Qualcomm","","Cash Balance"
"2026-06-03 09:30:12 EDT","","Stock Buy","USD","-$10.00","$0.00","-$10.00","JPM","$299.92","0.03334","COMPLETE","$10 Purchase of JPMorgan Chase","","Cash Balance"
"2026-06-03 09:30:12 EDT","","Stock Buy","USD","-$10.00","$0.00","-$10.00","DDOG","$259.43","0.03854","COMPLETE","$10 Purchase of Datadog","","Cash Balance"
"2026-06-03 09:30:11 EDT","","Stock Buy","USD","-$10.00","$0.00","-$10.00","VCR","$390.01","0.02564","COMPLETE","$10 Purchase of Vanguard Consumer Discretionary ETF","","Cash Balance"
"2026-06-03 09:30:10 EDT","","Stock Buy","USD","-$10.00","$0.00","-$10.00","SLAB","$218.75","0.04571","COMPLETE","$10 Purchase of Silicon Laboratories","","Cash Balance"
"2026-06-03 09:30:10 EDT","","Stock Buy","USD","-$1.00","$0.00","-$1.00","TSLA","$418.42","0.00238","COMPLETE","$1 Purchase of Tesla","","Cash Balance"
"2026-06-03 09:30:10 EDT","","Stock Buy","USD","-$10.00","$0.00","-$10.00","SONY","$22.53","0.44385","COMPLETE","$10 Purchase of Sony","","Cash Balance"
"2026-06-03 09:30:10 EDT","","Stock Buy","USD","-$10.00","$0.00","-$10.00","DOW","$34.92","0.28636","COMPLETE","$10 Purchase of Dow","","Cash Balance"
"2026-06-03 09:30:10 EDT","","Stock Buy","USD","-$1.00","$0.00","-$1.00","GOOGL","$361.85","0.00276","COMPLETE","$1 Purchase of Alphabet Inc. Class A","","Cash Balance"
"2026-06-03 09:30:10 EDT","","Stock Buy","USD","-$1.00","$0.00","-$1.00","VDE","$164.64","0.00607","COMPLETE","$1 Purchase of Energy ETF Vanguard","","Cash Balance"
"2026-06-03 09:30:10 EDT","","Stock Buy","USD","-$10.00","$0.00","-$10.00","ACN","$183.16","0.05459","COMPLETE","$10 Purchase of Accenture","","Cash Balance"
"2026-06-03 09:30:09 EDT","","Stock Buy","USD","-$10.00","$0.00","-$10.00","ILMN","$162.89","0.06139","COMPLETE","$10 Purchase of Illumina","","Cash Balance"
"2026-06-03 09:30:09 EDT","","Stock Buy","USD","-$10.00","$0.00","-$10.00","NTAP","$177.02","0.05649","COMPLETE","$10 Purchase of NetApp","","Cash Balance"
"2026-06-03 09:30:09 EDT","","Stock Buy","USD","-$10.00","$0.00","-$10.00","VHT","$272.44","0.0367","COMPLETE","$10 Purchase of Vanguard Health Care ETF","","Cash Balance"
"2026-06-03 09:30:09 EDT","","Stock Buy","USD","-$1.00","$0.00","-$1.00","TXN","$308.50","0.00324","COMPLETE","$1 Purchase of Texas Instruments","","Cash Balance"
"2026-06-03 09:30:09 EDT","","Stock Buy","USD","-$10.00","$0.00","-$10.00","VDC","$220.70","0.04531","COMPLETE","$10 Purchase of Vanguard Consumer Staples Index Fund ETF","","Cash Balance"
"2026-06-03 09:30:07 EDT","","Stock Buy","USD","-$10.00","$0.00","-$10.00","VFH","$125.39","0.07975","COMPLETE","$10 Purchase of Vanguard Financials ETF","","Cash Balance"
"2026-06-03 09:30:06 EDT","","Stock Buy","USD","-$10.00","$0.00","-$10.00","GOOG","$358.39","0.0279","COMPLETE","$10 Purchase of Alphabet Inc. Class C ","","Cash Balance"
"2026-06-03 09:30:06 EDT","","Stock Buy","USD","-$10.00","$0.00","-$10.00","TSN","$59.45","0.1682","COMPLETE","$10 Purchase of Tyson Foods","","Cash Balance"
"2026-06-03 09:30:06 EDT","","Stock Buy","USD","-$10.00","$0.00","-$10.00","NKE","$43.65","0.22909","COMPLETE","$10 Purchase of Nike","","Cash Balance"
"2026-06-03 09:30:06 EDT","","Stock Buy","USD","-$10.00","$0.00","-$10.00","MCD","$275.77","0.03626","COMPLETE","$10 Purchase of McDonald's","","Cash Balance"
"2026-06-03 09:30:05 EDT","","Stock Buy","USD","-$10.00","$0.00","-$10.00","BAM","$46.58","0.21468","COMPLETE","$10 Purchase of Brookfield Asset Management","","Cash Balance"
"2026-06-03 09:30:04 EDT","","Stock Buy","USD","-$10.00","$0.00","-$10.00","YUMC","$42.90","0.2331","COMPLETE","$10 Purchase of Yum China","","Cash Balance"
"2026-06-03 09:30:04 EDT","","Stock Buy","USD","-$10.00","$0.00","-$10.00","WBD","$27.12","0.36873","COMPLETE","$10 Purchase of Warner Bros. Discovery ","","Cash Balance"
"2026-06-03 09:30:03 EDT","","Stock Buy","USD","-$10.00","$0.00","-$10.00","AAPL","$314.00","0.03184","COMPLETE","$10 Purchase of Apple","","Cash Balance"
"2026-06-03 09:30:03 EDT","","Stock Buy","USD","-$10.00","$0.00","-$10.00","PLTR","$149.70","0.0668","COMPLETE","$10 Purchase of Palantir Technologies","","Cash Balance"
"2026-06-03 09:30:03 EDT","","Stock Buy","USD","-$10.00","$0.00","-$10.00","WDAY","$147.56","0.06776","COMPLETE","$10 Purchase of Workday","","Cash Balance"
"2026-06-03 09:30:02 EDT","","Stock Buy","USD","-$10.00","$0.00","-$10.00","GS","$1,051.52","0.00951","COMPLETE","$10 Purchase of Goldman Sachs","","Cash Balance"
"2026-06-03 09:30:02 EDT","","Stock Buy","USD","-$10.00","$0.00","-$10.00","ABNB","$133.22","0.07506","COMPLETE","$10 Purchase of Airbnb","","Cash Balance"
"2026-06-03 09:30:02 EDT","","Stock Buy","USD","-$10.00","$0.00","-$10.00","HOOD","$86.42","0.11571","COMPLETE","$10 Purchase of Robinhood Markets","","Cash Balance"
"2026-06-03 09:30:02 EDT","","Stock Buy","USD","-$10.00","$0.00","-$10.00","WMG","$30.62","0.32658","COMPLETE","$10 Purchase of Warner Music","","Cash Balance"
"2026-06-03 09:30:02 EDT","","Stock Buy","USD","-$10.00","$0.00","-$10.00","GM","$80.71","0.1239","COMPLETE","$10 Purchase of General Motors","","Cash Balance"
"2026-06-03 09:30:01 EDT","","Stock Buy","USD","-$10.00","$0.00","-$10.00","GAP","$20.99","0.47641","COMPLETE","$10 Purchase of Gap","","Cash Balance"
"2026-06-03 09:30:01 EDT","","Stock Buy","USD","-$10.00","$0.00","-$10.00","LYFT","$14.07","0.71073","COMPLETE","$10 Purchase of Lyft","","Cash Balance"
"2026-06-03 09:30:01 EDT","","Stock Buy","USD","-$10.00","$0.00","-$10.00","POR","$49.42","0.20234","COMPLETE","$10 Purchase of Portland General Electric Company","","Cash Balance"
"2026-06-03 09:30:01 EDT","","Stock Buy","USD","-$1.00","$0.00","-$1.00","FISV","$56.00","0.01785","COMPLETE","$1 Purchase of Fiserv","","Cash Balance"
"2026-06-03 09:30:01 EDT","","Stock Buy","USD","-$10.00","$0.00","-$10.00","KWEB","$27.62","0.36205","COMPLETE","$10 Purchase of KraneShares Trust KraneShares CSI China Internet ETF","","Cash Balance"
"2026-06-03 09:30:01 EDT","","Stock Buy","USD","-$10.00","$0.00","-$10.00","PZZA","$31.65","0.31595","COMPLETE","$10 Purchase of Papa John's","","Cash Balance"
"2026-06-03 09:30:01 EDT","","Stock Buy","USD","-$10.00","$0.00","-$10.00","COIN","$171.54","0.05829","COMPLETE","$10 Purchase of Coinbase","","Cash Balance"
"2026-06-03 09:30:01 EDT","","Stock Buy","USD","-$10.00","$0.00","-$10.00","PYPL","$44.34","0.22552","COMPLETE","$10 Purchase of PayPal","","Cash Balance"
"2026-06-03 09:30:00 EDT","","Stock Buy","USD","-$10.00","$0.00","-$10.00","BIV","$76.30","0.13106","COMPLETE","$10 Purchase of Vanguard Intermediate Term Bond ETF","","Cash Balance"
"2026-06-03 09:30:00 EDT","","Stock Buy","USD","-$10.00","$0.00","-$10.00","BBJP","$76.17","0.13128","COMPLETE","$10 Purchase of JPMorgan BetaBuilders Japan ETF","","Cash Balance"
"2026-06-03 09:30:00 EDT","","Stock Buy","USD","-$10.00","$0.00","-$10.00","XLB","$51.35","0.19474","COMPLETE","$10 Purchase of Materials Select Sector SPDR","","Cash Balance"
"2026-06-03 09:30:00 EDT","","Stock Buy","USD","-$1.00","$0.00","-$1.00","BBEU","$77.32","0.01293","COMPLETE","$1 Purchase of JPMorgan BetaBuilders Europe ETF","","Cash Balance"
"2026-06-03 09:08:47 EDT","","Savings Internal Transfer","USD","-$50.00","$0.00","-$50.00","","","","COMPLETE","Savings","","Cash Balance"
"2026-06-03 09:08:30 EDT","","Bitcoin Buy","USD","-$9.80","-$0.20","-$10.00","BTC","$67,420.34","0.00014536","COMPLETE","purchase of BTC 0.00014536","","Cash Balance"
"2026-06-03 09:07:41 EDT","","Deposits","USD","$200.00","$0.00","$200.00","","","","COMPLETE","Add Cash","","Visa debit 3333"
"2026-06-03 09:04:41 EDT","","Account Notifications","USD","$0.00","","$0.00","","","","COMPLETE","New device login","","Cash Balance"
"2026-06-03 04:59:29 EDT","","Deposits","USD","$100.00","$0.00","$100.00","","","","COMPLETE","Add Cash","","Visa debit 3333"
"2026-06-03 03:46:21 EDT","","Deposits","USD","$10.00","$0.00","$10.00","","","","COMPLETE","Add Cash","","Visa debit 5895"
"2026-06-03 03:44:24 EDT","","Deposits","USD","$9.97","$0.00","$9.97","","","","COMPLETE","Add Cash","","Visa debit 5895"
"2026-06-03 03:39:55 EDT","","Deposits","USD","$1.00","$0.00","$1.00","","","","COMPLETE","Add Cash","","Visa debit 5895"
"2026-06-03 03:23:18 EDT","","Deposits","USD","$100.00","$0.00","$100.00","","","","COMPLETE","Add Cash","","Visa debit 3333"
"2026-06-03 03:10:12 EDT","","Deposits","USD","$100.00","$0.00","$100.00","","","","COMPLETE","Add Cash","","Visa debit 3333"
"2026-06-03 00:00:00 EDT","","Stock Dividends","USD","$0.03","$0.00","$0.03","VMBS","","","COMPLETE","$0.03 Dividend from Vanguard Mortgage-Backed Securities ETF","","Cash Balance"
"2026-06-02 19:49:23 EDT","","Deposits","USD","$100.00","$0.00","$100.00","","","","COMPLETE","Add Cash","","Visa debit 3333"
"2026-06-02 15:54:00 EDT","","Bitcoin Buy","USD","-$0.98","-$0.02","-$1.00","BTC","$67,817.91","0.00001445","COMPLETE","purchase of BTC 0.00001445","","Cash Balance"
"2026-06-02 14:14:25 EDT","","Stock Buy","USD","-$10.00","$0.00","-$10.00","META","$605.03","0.01652","COMPLETE","$10 Purchase of Meta","","Cash Balance"
"2026-06-02 14:12:22 EDT","","Stock Buy","USD","-$10.00","$0.00","-$10.00","GOOG","$363.41","0.02751","COMPLETE","$10 Purchase of Alphabet Inc. Class C ","","Cash Balance"
"2026-06-02 14:10:49 EDT","","Deposits","USD","$100.00","$0.00","$100.00","","","","COMPLETE","Add Cash","","Visa debit 3333"
"2026-06-02 12:54:39 EDT","","Stock Buy","USD","-$10.00","$0.00","-$10.00","NFLX","$84.12","0.11887","COMPLETE","$10 Purchase of Netflix","","Cash Balance"
"2026-06-02 12:54:21 EDT","","Stock Buy","USD","-$10.00","$0.00","-$10.00","MRVL","$284.78","0.03511","COMPLETE","$10 Purchase of Marvell Technology","","Cash Balance"
"2026-06-02 12:52:54 EDT","","Stock Buy","USD","-$10.00","$0.00","-$10.00","JPM","$300.88","0.03323","COMPLETE","$10 Purchase of JPMorgan Chase","","Cash Balance"
"2026-06-02 12:51:43 EDT","","Stock Buy","USD","-$10.00","$0.00","-$10.00","V","$317.20","0.03152","COMPLETE","$10 Purchase of Visa","","Cash Balance"
"2026-06-02 12:50:38 EDT","","Stock Buy","USD","-$10.00","$0.00","-$10.00","DOW","$34.52","0.28969","COMPLETE","$10 Purchase of Dow","","Cash Balance"
"2026-06-02 12:49:26 EDT","","Stock Buy","USD","-$10.00","$0.00","-$10.00","WMT","$113.69","0.08796","COMPLETE","$10 Purchase of Walmart","","Cash Balance"
"2026-06-02 12:48:55 EDT","","Stock Buy","USD","-$25.00","$0.00","-$25.00","AMZN","$258.69","0.09664","COMPLETE","$25 Purchase of Amazon","","Cash Balance"
"2026-06-02 09:30:07 EDT","","Stock Buy","USD","-$10.00","$0.00","-$10.00","MRVL","$252.95","0.03953","COMPLETE","$10 Purchase of Marvell Technology","","Cash Balance"
"2026-06-02 09:30:06 EDT","","Stock Buy","USD","-$10.00","$0.00","-$10.00","AAPL","$307.30","0.03254","COMPLETE","$10 Purchase of Apple","","Cash Balance"
"2026-06-02 09:30:06 EDT","","Stock Buy","USD","-$10.00","$0.00","-$10.00","INTU","$329.92","0.03031","COMPLETE","$10 Purchase of Intuit","","Cash Balance"
"2026-06-02 09:30:06 EDT","","Stock Buy","USD","-$10.00","$0.00","-$10.00","DKS","$216.63","0.04616","COMPLETE","$10 Purchase of Dick's Sporting Goods","","Cash Balance"
"2026-06-02 09:30:05 EDT","","Stock Buy","USD","-$10.00","$0.00","-$10.00","EA","$202.00","0.0495","COMPLETE","$10 Purchase of Electronic Arts","","Cash Balance"
"2026-06-02 09:30:04 EDT","","Stock Buy","USD","-$20.00","$0.00","-$20.00","TXN","$302.45","0.06612","COMPLETE","$20 Purchase of Texas Instruments","","Cash Balance"
"2026-06-01 10:38:57 EDT","","Bitcoin Buy","USD","-$9.80","-$0.20","-$10.00","BTC","$71,929.33","0.00013624","COMPLETE","purchase of BTC 0.00013624","","Cash Balance"
"2026-06-01 09:32:32 EDT","","Stock Buy","USD","-$25.00","$0.00","-$25.00","WFC","$76.57","0.32649","COMPLETE","$25 Purchase of Wells Fargo","","Cash Balance"
"2026-06-01 09:31:42 EDT","","Stock Buy","USD","-$25.00","$0.00","-$25.00","DELL","$431.98","0.05787","COMPLETE","$25 Purchase of Dell Technologies","","Cash Balance"
"2026-06-01 09:31:24 EDT","","Stock Buy","USD","-$10.00","$0.00","-$10.00","T","$24.70","0.40485","COMPLETE","$10 Purchase of AT&T","","Cash Balance"
"2026-06-01 09:30:51 EDT","","Stock Buy","USD","-$25.00","$0.00","-$25.00","XYZ","$77.50","0.32258","COMPLETE","$25 Purchase of Block","","Cash Balance"
"2026-06-01 09:30:50 EDT","","Stock Buy","USD","-$10.00","$0.00","-$10.00","TM","$183.25","0.05457","COMPLETE","$10 Purchase of Toyota Motor","","Cash Balance"
"2026-06-01 09:30:31 EDT","","Stock Buy","USD","-$10.00","$0.00","-$10.00","UBER","$71.44","0.13997","COMPLETE","$10 Purchase of Uber Technologies","","Cash Balance"
"2026-06-01 09:30:31 EDT","","Stock Buy","USD","-$25.00","$0.00","-$25.00","MU","$1,010.00","0.02475","COMPLETE","$25 Purchase of Micron Technology","","Cash Balance"
"2026-06-01 09:30:30 EDT","","Stock Buy","USD","-$25.00","$0.00","-$25.00","MSFT","$465.00","0.05376","COMPLETE","$25 Purchase of Microsoft","","Cash Balance"
"2026-06-01 09:30:28 EDT","","Stock Buy","USD","-$25.00","$0.00","-$25.00","HIMS","$25.95","0.96339","COMPLETE","$25 Purchase of Hims & Hers Health","","Cash Balance"
"2026-06-01 09:30:28 EDT","","Stock Buy","USD","-$10.00","$0.00","-$10.00","ADP","$223.99","0.04464","COMPLETE","$10 Purchase of Automatic Data Processing","","Cash Balance"
"2026-06-01 09:30:27 EDT","","Stock Buy","USD","-$10.00","$0.00","-$10.00","AMAT","$445.96","0.02242","COMPLETE","$10 Purchase of Applied Materials","","Cash Balance"
"2026-06-01 09:30:25 EDT","","Stock Buy","USD","-$10.00","$0.00","-$10.00","HTZ","$5.28","1.89393","COMPLETE","$10 Purchase of Hertz","","Cash Balance"
"2026-06-01 09:30:25 EDT","","Stock Buy","USD","-$10.00","$0.00","-$10.00","PD","$10.46","0.95602","COMPLETE","$10 Purchase of PagerDuty","","Cash Balance"
"2026-06-01 09:30:24 EDT","","Stock Buy","USD","-$10.00","$0.00","-$10.00","HD","$315.13","0.03173","COMPLETE","$10 Purchase of Home Depot","","Cash Balance"
"2026-06-01 09:30:24 EDT","","Stock Buy","USD","-$10.00","$0.00","-$10.00","PLTR","$160.00","0.0625","COMPLETE","$10 Purchase of Palantir Technologies","","Cash Balance"
"2026-06-01 09:30:24 EDT","","Stock Buy","USD","-$10.00","$0.00","-$10.00","CSCO","$119.91","0.08339","COMPLETE","$10 Purchase of Cisco Systems","","Cash Balance"
"2026-06-01 09:30:24 EDT","","Stock Buy","USD","-$10.00","$0.00","-$10.00","HOOD","$89.98","0.11113","COMPLETE","$10 Purchase of Robinhood Markets","","Cash Balance"
"2026-06-01 09:30:23 EDT","","Stock Buy","USD","-$10.00","$0.00","-$10.00","META","$629.29","0.01589","COMPLETE","$10 Purchase of Meta","","Cash Balance"
"2026-06-01 09:30:23 EDT","","Stock Buy","USD","-$25.00","$0.00","-$25.00","VNQ","$95.08","0.26293","COMPLETE","$25 Purchase of Vanguard Real Estate ETF","","Cash Balance"
"2026-06-01 09:30:22 EDT","","Stock Buy","USD","-$25.00","$0.00","-$25.00","V","$327.77","0.07627","COMPLETE","$25 Purchase of Visa","","Cash Balance"
"2026-06-01 09:30:22 EDT","","Stock Buy","USD","-$10.00","$0.00","-$10.00","RUM","$9.15","1.09349","COMPLETE","$10 Purchase of RUM Group","","Cash Balance"
"2026-06-01 09:30:21 EDT","","Stock Buy","USD","-$25.00","$0.00","-$25.00","DAL","$81.08","0.30833","COMPLETE","$25 Purchase of Delta Air Lines","","Cash Balance"
"2026-06-01 09:30:21 EDT","","Stock Buy","USD","-$10.00","$0.00","-$10.00","CAT","$860.16","0.01162","COMPLETE","$10 Purchase of Caterpillar","","Cash Balance"
"2026-06-01 09:30:21 EDT","","Stock Buy","USD","-$10.00","$0.00","-$10.00","DDOG","$252.50","0.0396","COMPLETE","$10 Purchase of Datadog","","Cash Balance"
"2026-06-01 09:30:20 EDT","","Stock Buy","USD","-$10.00","$0.00","-$10.00","NTAP","$171.09","0.05844","COMPLETE","$10 Purchase of NetApp","","Cash Balance"
"2026-06-01 09:30:20 EDT","","Stock Buy","USD","-$10.00","$0.00","-$10.00","HLF","$11.86","0.84317","COMPLETE","$10 Purchase of Herbalife","","Cash Balance"
"2026-06-01 09:30:19 EDT","","Stock Buy","USD","-$10.00","$0.00","-$10.00","FISV","$56.85","0.1759","COMPLETE","$10 Purchase of Fiserv","","Cash Balance"
"2026-06-01 09:30:19 EDT","","Stock Buy","USD","-$25.00","$0.00","-$25.00","OXY","$57.94","0.43148","COMPLETE","$25 Purchase of Occidental Petroleum","","Cash Balance"
"2026-06-01 09:30:18 EDT","","Stock Buy","USD","-$25.00","$0.00","-$25.00","MCD","$277.93","0.08995","COMPLETE","$25 Purchase of McDonald's","","Cash Balance"
"2026-06-01 09:30:18 EDT","","Stock Buy","USD","-$25.00","$0.00","-$25.00","HPQ","$27.50","0.90909","COMPLETE","$25 Purchase of Hewlett Packard","","Cash Balance"
"2026-06-01 09:30:16 EDT","","Stock Buy","USD","-$25.00","$0.00","-$25.00","VDE","$160.89","0.15538","COMPLETE","$25 Purchase of Energy ETF Vanguard","","Cash Balance"
"2026-06-01 09:30:16 EDT","","Stock Buy","USD","-$10.00","$0.00","-$10.00","NFLX","$85.79","0.11656","COMPLETE","$10 Purchase of Netflix","","Cash Balance"
"2026-06-01 09:30:15 EDT","","Stock Buy","USD","-$10.00","$0.00","-$10.00","VONV","$104.12","0.09604","COMPLETE","$10 Purchase of Vanguard Russell 1000 Value ETF","","Cash Balance"
"2026-06-01 09:30:15 EDT","","Stock Buy","USD","-$25.00","$0.00","-$25.00","DOW","$34.25","0.72992","COMPLETE","$25 Purchase of Dow","","Cash Balance"
"2026-06-01 09:30:13 EDT","","Stock Buy","USD","-$10.00","$0.00","-$10.00","OKTA","$128.29","0.07794","COMPLETE","$10 Purchase of Okta","","Cash Balance"
"2026-06-01 09:30:13 EDT","","Stock Buy","USD","-$10.00","$0.00","-$10.00","WDAY","$152.01","0.06578","COMPLETE","$10 Purchase of Workday","","Cash Balance"
"2026-06-01 09:30:12 EDT","","Stock Buy","USD","-$10.00","$0.00","-$10.00","ADBE","$270.00","0.03703","COMPLETE","$10 Purchase of Adobe","","Cash Balance"
"2026-06-01 09:30:12 EDT","","Stock Buy","USD","-$25.00","$0.00","-$25.00","AMZN","$266.19","0.09391","COMPLETE","$25 Purchase of Amazon","","Cash Balance"
"2026-06-01 09:30:11 EDT","","Stock Buy","USD","-$10.00","$0.00","-$10.00","VFH","$125.85","0.07945","COMPLETE","$10 Purchase of Vanguard Financials ETF","","Cash Balance"
"2026-06-01 09:30:10 EDT","","Stock Buy","USD","-$10.00","$0.00","-$10.00","VCR","$397.97","0.02512","COMPLETE","$10 Purchase of Vanguard Consumer Discretionary ETF","","Cash Balance"
"2026-06-01 09:30:10 EDT","","Stock Buy","USD","-$10.00","$0.00","-$10.00","GOOGL","$376.53","0.02655","COMPLETE","$10 Purchase of Alphabet Inc. Class A","","Cash Balance"
"2026-06-01 09:30:09 EDT","","Stock Buy","USD","-$10.00","$0.00","-$10.00","DOCU","$54.50","0.18348","COMPLETE","$10 Purchase of DocuSign","","Cash Balance"
"2026-06-01 09:30:06 EDT","","Stock Buy","USD","-$25.00","$0.00","-$25.00","PZZA","$34.43","0.72611","COMPLETE","$25 Purchase of Papa John's","","Cash Balance"
"2026-06-01 09:30:06 EDT","","Stock Buy","USD","-$10.00","$0.00","-$10.00","VMBS","$46.56","0.21477","COMPLETE","$10 Purchase of Vanguard Mortgage-Backed Securities ETF","","Cash Balance"
"2026-06-01 09:30:05 EDT","","Stock Buy","USD","-$10.00","$0.00","-$10.00","JPM","$296.05","0.03377","COMPLETE","$10 Purchase of JPMorgan Chase","","Cash Balance"
"2026-06-01 09:30:04 EDT","","Stock Buy","USD","-$10.00","$0.00","-$10.00","PYPL","$44.53","0.22456","COMPLETE","$10 Purchase of PayPal","","Cash Balance"
"2026-06-01 09:30:04 EDT","","Stock Buy","USD","-$10.00","$0.00","-$10.00","VTEB","$50.12","0.19952","COMPLETE","$10 Purchase of Vanguard Tax-Exempt Bond ETF","","Cash Balance"
"2026-06-01 09:30:04 EDT","","Stock Buy","USD","-$10.00","$0.00","-$10.00","JEPI","$55.68","0.17959","COMPLETE","$10 Purchase of JPMorgan Equity Premium Income ETF","","Cash Balance"
"2026-06-01 09:30:03 EDT","","Stock Buy","USD","-$10.00","$0.00","-$10.00","CBRS","$232.00","0.0431","COMPLETE","$10 Purchase of Cerebras Systems","","Cash Balance"
"2026-06-01 09:30:03 EDT","","Stock Buy","USD","-$10.00","$0.00","-$10.00","QCOM","$233.96","0.04274","COMPLETE","$10 Purchase of Qualcomm","","Cash Balance"
"2026-06-01 09:30:02 EDT","","Stock Buy","USD","-$10.00","$0.00","-$10.00","AVGO","$450.00","0.02222","COMPLETE","$10 Purchase of Broadcom","","Cash Balance"
"2026-06-01 09:30:01 EDT","","Stock Buy","USD","-$25.00","$0.00","-$25.00","LITE","$823.85","0.03034","COMPLETE","$25 Purchase of Lumentum","","Cash Balance"
"2026-06-01 09:30:01 EDT","","Stock Buy","USD","-$10.00","$0.00","-$10.00","RUN","$16.37","0.61087","COMPLETE","$10 Purchase of Sunrun","","Cash Balance"
"2026-06-01 09:30:01 EDT","","Stock Buy","USD","-$25.00","$0.00","-$25.00","VBR","$233.47","0.10708","COMPLETE","$25 Purchase of Small Cap Value ETF Vanguard","","Cash Balance"
"2026-06-01 09:30:01 EDT","","Stock Buy","USD","-$10.00","$0.00","-$10.00","ALKT","$18.43","0.54259","COMPLETE","$10 Purchase of Alkami Technology","","Cash Balance"
"2026-06-01 09:30:00 EDT","","Stock Buy","USD","-$10.00","$0.00","-$10.00","NOBL","$53.49","0.18695","COMPLETE","$10 Purchase of ProShares S&P 500 Dividend Aristocrats ETF","","Cash Balance"
"2026-06-01 09:30:00 EDT","","Stock Buy","USD","-$10.00","$0.00","-$10.00","BBEU","$77.24","0.12946","COMPLETE","$10 Purchase of JPMorgan BetaBuilders Europe ETF","","Cash Balance"
"2026-06-01 06:12:02 EDT","","Bitcoin Buy","USD","-$4.90","-$0.10","-$5.00","BTC","$73,289.50","0.00006686","COMPLETE","purchase of BTC 0.00006686","","Cash Balance"
"2026-06-01 02:02:38 EDT","","Deposits","USD","$100.00","$0.00","$100.00","","","","COMPLETE","Add Cash","","Visa debit 3333"
"2026-05-30 16:23:14 EDT","","Bitcoin Buy","USD","-$9.80","-$0.20","-$10.00","BTC","$74,404.87","0.00013171","COMPLETE","purchase of BTC 0.00013171","","Cash Balance"
"2026-05-30 15:22:58 EDT","","Deposits","USD","$100.00","$0.00","$100.00","","","","COMPLETE","Add Cash","","Visa debit 3333"
"2026-05-30 15:22:44 EDT","","Savings Internal Transfer","USD","-$50.00","$0.00","-$50.00","","","","COMPLETE","Savings","","Cash Balance"
"2026-05-30 12:44:46 EDT","","Bitcoin Buy","USD","-$4.90","-$0.10","-$5.00","BTC","$74,401.94","0.00006586","COMPLETE","purchase of BTC 0.00006586","","Cash Balance"
"2026-05-30 11:59:26 EDT","","Bitcoin Buy","USD","-$9.80","-$0.20","-$10.00","BTC","$74,359.99","0.00013179","COMPLETE","purchase of BTC 0.00013179","","Cash Balance"
"2026-05-30 11:58:33 EDT","","Deposits","USD","$100.00","$0.00","$100.00","","","","COMPLETE","Add Cash","","Visa debit 3333"
"2026-05-30 11:54:24 EDT","","Savings Internal Transfer","USD","-$50.00","$0.00","-$50.00","","","","COMPLETE","Savings","","Cash Balance"
"2026-05-30 08:15:16 EDT","","Account Notifications","USD","$0.00","","$0.00","","","","COMPLETE","New device login","","Cash Balance"
"2026-05-30 07:18:40 EDT","","Bitcoin Buy","USD","-$9.80","-$0.20","-$10.00","BTC","$74,051.42","0.00013234","COMPLETE","purchase of BTC 0.00013234","","Cash Balance"
"2026-05-30 07:16:08 EDT","","Deposits","USD","$100.00","$0.00","$100.00","","","","COMPLETE","Add Cash","","Visa debit 3333"
"2026-05-30 07:15:52 EDT","306150405514408","Withdrawal","USD","-$25.00","$0.00","-$25.00","","","","COMPLETE","Cash Out","","Visa debit 5895"
"2026-05-30 07:15:19 EDT","","Deposits","USD","$100.00","$0.00","$100.00","","","","COMPLETE","Add Cash","","Visa debit 3333"
"2026-05-30 04:03:12 EDT","","Bitcoin Buy","USD","-$24.50","-$0.50","-$25.00","BTC","$73,998.61","0.00033109","COMPLETE","purchase of BTC 0.00033109","","Cash Balance"
"2026-05-30 00:00:47 EDT","","Deposits","USD","$100.00","$0.00","$100.00","","","","COMPLETE","Savings","","Visa debit 3333"
"2026-05-30 00:00:35 EDT","","Savings Internal Transfer","USD","-$100.00","$0.00","-$100.00","","","","COMPLETE","Savings","","Cash Balance"
"2026-05-29 23:59:12 EDT","","Deposits","USD","$25.00","$0.00","$25.00","","","","COMPLETE","Add Cash","","Visa debit 5895"
"2026-05-29 23:56:11 EDT","","Deposits","USD","$25.00","$0.00","$25.00","","","","COMPLETE","Add Cash","","Visa debit 5895"
"2026-05-29 23:45:07 EDT","","Savings Internal Transfer","USD","-$50.00","$0.00","-$50.00","","","","COMPLETE","Savings","","Cash Balance"
"2026-05-29 23:44:51 EDT","","Deposits","USD","$15.00","$0.00","$15.00","","","","COMPLETE","Add Cash","","Visa debit 5895"
"2026-05-29 23:40:07 EDT","","Bitcoin Buy","USD","-$24.50","-$0.50","-$25.00","BTC","$74,060.49","0.00033081","COMPLETE","purchase of BTC 0.00033081","","Cash Balance"
"2026-05-29 23:39:30 EDT","","Savings Internal Transfer","USD","-$50.00","$0.00","-$50.00","","","","COMPLETE","Savings","","Cash Balance"
"2026-05-29 23:39:11 EDT","","Deposits","USD","$100.00","$0.00","$100.00","","","","COMPLETE","Add Cash","","Visa debit 3333"
"2026-05-29 23:38:33 EDT","","Deposits","USD","$19.99","$0.00","$19.99","","","","COMPLETE","Add Cash","","Visa debit 5895"
"2026-05-29 20:32:37 EDT","","Bitcoin Buy","USD","-$24.50","-$0.50","-$25.00","BTC","$73,875.54","0.00033164","COMPLETE","purchase of BTC 0.00033164","","Cash Balance"
"2026-05-29 20:32:10 EDT","","Deposits","USD","$100.00","$0.00","$100.00","","","","COMPLETE","Add Cash","","Visa debit 3333"
"2026-05-29 10:29:28 EDT","","Stock Buy","USD","-$25.00","$0.00","-$25.00","TGT","$125.99","0.19843","COMPLETE","$25 Purchase of Target","","Cash Balance"
"2026-05-29 10:29:03 EDT","","Deposits","USD","$100.00","$0.00","$100.00","","","","COMPLETE","Add Cash","","Visa debit 3333"
"2026-05-29 10:28:33 EDT","","Stock Buy","USD","-$25.00","$0.00","-$25.00","JPM","$296.27","0.08438","COMPLETE","$25 Purchase of JPMorgan Chase","","Cash Balance"
"2026-05-29 10:26:46 EDT","","Stock Buy","USD","-$10.00","$0.00","-$10.00","VMBS","$46.86","0.2134","COMPLETE","$10 Purchase of Vanguard Mortgage-Backed Securities ETF","","Cash Balance"
"2026-05-29 09:33:18 EDT","","Stock Buy","USD","-$50.00","$0.00","-$50.00","XYZ","$75.00","0.66666","COMPLETE","$50 Purchase of Block","","Cash Balance"
"2026-05-29 09:31:10 EDT","","Stock Buy","USD","-$50.00","$0.00","-$50.00","DELL","$420.00","0.11904","COMPLETE","$50 Purchase of Dell Technologies","","Cash Balance"
"2026-05-29 09:30:21 EDT","","Stock Buy","USD","-$5.00","$0.00","-$5.00","SAP","$176.12","0.02838","COMPLETE","$5 Purchase of SAP","","Cash Balance"
"2026-05-29 09:30:18 EDT","","Stock Buy","USD","-$20.00","$0.00","-$20.00","SBUX","$100.50","0.199","COMPLETE","$20 Purchase of Starbucks","","Cash Balance"
"2026-05-29 09:30:16 EDT","","Stock Buy","USD","-$50.00","$0.00","-$50.00","UBER","$70.33","0.71093","COMPLETE","$50 Purchase of Uber Technologies","","Cash Balance"
"2026-05-29 09:30:16 EDT","","Stock Buy","USD","-$20.00","$0.00","-$20.00","V","$326.09","0.06133","COMPLETE","$20 Purchase of Visa","","Cash Balance"
"2026-05-29 09:30:16 EDT","","Stock Buy","USD","-$10.00","$0.00","-$10.00","CCEP","$91.63","0.10913","COMPLETE","$10 Purchase of Coca-Cola Europacific Partners","","Cash Balance"
"2026-05-29 09:30:15 EDT","","Stock Buy","USD","-$5.00","$0.00","-$5.00","KO","$79.86","0.0626","COMPLETE","$5 Purchase of Coca-Cola","","Cash Balance"
"2026-05-29 09:30:09 EDT","","Stock Buy","USD","-$10.00","$0.00","-$10.00","CRM","$180.94","0.05526","COMPLETE","$10 Purchase of Salesforce","","Cash Balance"
"2026-05-29 09:30:09 EDT","","Stock Buy","USD","-$10.00","$0.00","-$10.00","OXY","$57.05","0.17528","COMPLETE","$10 Purchase of Occidental Petroleum","","Cash Balance"
"2026-05-29 09:30:03 EDT","","Stock Buy","USD","-$10.00","$0.00","-$10.00","GOOGL","$385.00","0.02597","COMPLETE","$10 Purchase of Alphabet Inc. Class A","","Cash Balance"
"2026-05-28 20:39:16 EDT","","Savings Internal Transfer","USD","-$50.00","$0.00","-$50.00","","","","COMPLETE","Savings","","Cash Balance"
"2026-05-28 16:45:28 EDT","","Savings Internal Transfer","USD","-$50.00","$0.00","-$50.00","","","","COMPLETE","Savings","","Cash Balance"
"2026-05-28 16:27:45 EDT","","Bitcoin Buy","USD","-$9.80","-$0.20","-$10.00","BTC","$74,055.25","0.00013233","COMPLETE","purchase of BTC 0.00013233","","Cash Balance"
"2026-05-28 16:25:22 EDT","","Savings Internal Transfer","USD","-$50.00","$0.00","-$50.00","","","","COMPLETE","Savings","","Cash Balance"
"2026-05-28 16:14:18 EDT","","Deposits","USD","$100.00","$0.00","$100.00","","","","COMPLETE","Add Cash","","Visa debit 3333"
"2026-05-28 16:12:08 EDT","","Deposits","USD","$100.00","$0.00","$100.00","","","","COMPLETE","Add Cash","","Visa debit 3333"
"2026-05-28 15:43:12 EDT","","Bitcoin Buy","USD","-$9.80","-$0.20","-$10.00","BTC","$73,878.86","0.00013265","COMPLETE","purchase of BTC 0.00013265","","Cash Balance"
"2026-05-28 09:31:36 EDT","","Stock Buy","USD","-$10.00","$0.00","-$10.00","TSM","$424.08","0.02358","COMPLETE","$10 Purchase of Taiwan Semiconductor Manufacturing","","Cash Balance"
"2026-05-28 09:30:06 EDT","","Stock Buy","USD","-$10.00","$0.00","-$10.00","NVDA","$211.37","0.04731","COMPLETE","$10 Purchase of NVIDIA","","Cash Balance"
"2026-05-28 09:30:04 EDT","","Stock Buy","USD","-$10.00","$0.00","-$10.00","WMT","$118.97","0.08405","COMPLETE","$10 Purchase of Walmart","","Cash Balance"
"2026-05-27 09:34:14 EDT","","Stock Buy","USD","-$5.00","$0.00","-$5.00","ORCL","$191.50","0.0261","COMPLETE","$5 Purchase of Oracle","","Cash Balance"
"2026-05-27 09:33:12 EDT","","Stock Buy","USD","-$5.00","$0.00","-$5.00","WFC","$77.41","0.06459","COMPLETE","$5 Purchase of Wells Fargo","","Cash Balance"
"2026-05-27 09:33:02 EDT","","Stock Buy","USD","-$5.00","$0.00","-$5.00","F","$15.62","0.3201","COMPLETE","$5 Purchase of Ford Motor","","Cash Balance"
"2026-05-27 09:30:14 EDT","","Stock Buy","USD","-$10.00","$0.00","-$10.00","SONY","$22.00","0.45454","COMPLETE","$10 Purchase of Sony","","Cash Balance"
"2026-05-27 09:30:12 EDT","","Stock Buy","USD","-$15.00","$0.00","-$15.00","INTC","$124.86","0.12013","COMPLETE","$15 Purchase of Intel","","Cash Balance"
"2026-05-27 09:30:12 EDT","","Stock Buy","USD","-$20.00","$0.00","-$20.00","SAP","$174.12","0.11486","COMPLETE","$20 Purchase of SAP","","Cash Balance"
"2026-05-27 09:30:12 EDT","","Stock Buy","USD","-$5.00","$0.00","-$5.00","PZZA","$32.63","0.15323","COMPLETE","$5 Purchase of Papa John's","","Cash Balance"
"2026-05-27 09:30:09 EDT","","Stock Buy","USD","-$5.00","$0.00","-$5.00","DOW","$34.60","0.1445","COMPLETE","$5 Purchase of Dow","","Cash Balance"
"2026-05-27 09:30:09 EDT","","Stock Buy","USD","-$10.00","$0.00","-$10.00","CSCO","$118.10","0.08467","COMPLETE","$10 Purchase of Cisco Systems","","Cash Balance"
"2026-05-27 09:30:09 EDT","","Stock Buy","USD","-$5.00","$0.00","-$5.00","MCD","$280.24","0.01784","COMPLETE","$5 Purchase of McDonald's","","Cash Balance"
"2026-05-27 09:30:09 EDT","","Stock Buy","USD","-$10.00","$0.00","-$10.00","UHAL","$50.80","0.19685","COMPLETE","$10 Purchase of U-Haul","","Cash Balance"
"2026-05-27 09:30:08 EDT","","Stock Buy","USD","-$5.00","$0.00","-$5.00","GOOG","$382.94","0.01305","COMPLETE","$5 Purchase of Alphabet Inc. Class C ","","Cash Balance"
"2026-05-27 09:30:08 EDT","","Stock Buy","USD","-$10.00","$0.00","-$10.00","DKNG","$23.85","0.41928","COMPLETE","$10 Purchase of Draft Kings","","Cash Balance"
"2026-05-27 09:30:04 EDT","","Stock Buy","USD","-$5.00","$0.00","-$5.00","JPM","$305.00","0.01639","COMPLETE","$5 Purchase of JPMorgan Chase","","Cash Balance"
"2026-05-27 09:30:04 EDT","","Stock Buy","USD","-$5.00","$0.00","-$5.00","TSLA","$443.31","0.01127","COMPLETE","$5 Purchase of Tesla","","Cash Balance"
"2026-05-27 09:30:03 EDT","","Stock Buy","USD","-$10.00","$0.00","-$10.00","MGM","$40.72","0.24557","COMPLETE","$10 Purchase of MGM Resorts","","Cash Balance"
"2026-05-27 09:30:01 EDT","","Stock Buy","USD","-$50.00","$0.00","-$50.00","AMZN","$266.30","0.18775","COMPLETE","$50 Purchase of Amazon","","Cash Balance"
"2026-05-27 09:30:01 EDT","","Stock Buy","USD","-$24.99","$0.00","-$24.99","LITE","$899.66","0.02778","COMPLETE","$24.99 Purchase of Lumentum","","Cash Balance"
"2026-05-26 23:39:10 EDT","","Deposits","USD","$100.00","$0.00","$100.00","","","","FAILED","Add Cash","","Visa debit 3333"
"2026-05-26 23:38:54 EDT","","Bitcoin Buy","USD","-$24.50","-$0.50","-$25.00","BTC","$76,210.00","0.00032148","COMPLETE","purchase of BTC 0.00032148","","Cash Balance"
"2026-05-26 23:34:54 EDT","","Deposits","USD","$200.00","$0.00","$200.00","","","","COMPLETE","Savings","","Visa debit 3333"
"2026-05-26 23:34:23 EDT","","Savings Internal Transfer","USD","-$50.00","$0.00","-$50.00","","","","COMPLETE","Savings","","Cash Balance"
"2026-05-26 23:33:59 EDT","","Deposits","USD","$100.00","$0.00","$100.00","","","","COMPLETE","Add Cash","","Visa debit 3333"
"2026-05-26 23:33:16 EDT","","Savings Internal Transfer","USD","-$50.00","$0.00","-$50.00","","","","COMPLETE","Savings","","Cash Balance"
"2026-05-26 23:31:55 EDT","","Deposits","USD","$100.00","$0.00","$100.00","","","","COMPLETE","Add Cash","","Visa debit 3333"
"2026-05-26 23:30:50 EDT","","Deposits","USD","$50.00","$0.00","$50.00","","","","COMPLETE","Add Cash","","Visa debit 5895"
"2026-05-26 23:30:06 EDT","","Deposits","USD","$10.00","$0.00","$10.00","","","","COMPLETE","Add Cash","","Visa debit 5895"
"2026-05-26 23:29:39 EDT","","Deposits","USD","$10.00","$0.00","$10.00","","","","COMPLETE","Add Cash","","Visa debit 5895"
"2026-05-26 23:29:11 EDT","","Deposits","USD","$5.00","$0.00","$5.00","","","","COMPLETE","Add Cash","","Visa debit 5895"
"2026-05-26 20:57:28 EDT","","Deposits","USD","$50.00","$0.00","$50.00","","","","COMPLETE","Add Cash","","Visa debit 5895"
"2026-05-26 20:56:27 EDT","","Deposits","USD","$100.00","$0.00","$100.00","","","","FAILED","Add Cash","","Visa debit 5895"
"2026-05-26 20:56:05 EDT","","Deposits","USD","$10.00","$0.00","$10.00","","","","COMPLETE","Add Cash","","Visa debit 5895"
"2026-05-26 20:43:01 EDT","","Deposits","USD","$50.00","$0.00","$50.00","","","","COMPLETE","Add Cash","","Visa debit 5895"
"2026-05-26 17:58:29 EDT","","Deposits","USD","$20.00","$0.00","$20.00","","","","COMPLETE","Add Cash","","Visa debit 5895"
"2026-05-26 15:39:34 EDT","","Deposits","USD","$25.00","$0.00","$25.00","","","","COMPLETE","Add Cash","","Visa debit 5895"
"2026-05-26 10:09:07 EDT","","Stock Buy","USD","-$20.00","$0.00","-$20.00","XYZ","$69.23","0.28889","COMPLETE","$20 Purchase of Block","","Cash Balance"
"2026-05-26 10:06:39 EDT","","Bitcoin Buy","USD","-$9.80","-$0.20","-$10.00","BTC","$77,672.17","0.00012617","COMPLETE","purchase of BTC 0.00012617","","Cash Balance"
"2026-05-24 15:57:02 EDT","","Bitcoin Buy","USD","-$4.90","-$0.10","-$5.00","BTC","$77,256.13","0.00006343","COMPLETE","purchase of BTC 0.00006343","","Cash Balance"
"2026-05-08 12:42:34 EDT","","Bitcoin Buy","USD","-$9.80","-$0.20","-$10.00","BTC","$80,346.14","0.00012197","COMPLETE","purchase of BTC 0.00012197","","Cash Balance"
"2026-01-24 20:39:52 EST","#D-824GXRGG","P2P","USD","-$400.00","$0.00","-$400.00","","","","COMPLETE","genny","Zephaniah Anderson","WELLS FARGO BANK"
"2025-09-18 21:31:36 EDT","#D-25XJ478O","P2P","USD","-$105.00","$0.00","-$105.00","","","","COMPLETE","bull","Ana","WELLS FARGO BANK"
"2025-09-16 19:42:27 EDT","#D-QVL3M3DK","P2P","USD","$70.00","$0.00","$70.00","","","","COMPLETE","Camping","Full Name","Cash Balance"
"2025-08-22 12:07:20 EDT","","Account Notifications","USD","$0.00","","$0.00","","","","COMPLETE","New device login","","Cash Balance"
"2022-11-28 10:28:53 EST","7bg2rwg","P2P","USD","-$20.00","$0.00","-$20.00","","","","COMPLETE","baby gift","Mark Brown","Wells Fargo Bank"
"2022-10-07 12:05:33 EDT","q3ryf2r","P2P","USD","-$10.00","$0.00","-$10.00","","","","COMPLETE","Baby gift contribution","Ilana Reeves","Wells Fargo Bank"
"2021-08-04 13:53:19 EDT","b1aawxk","P2P","USD","-$15.00","$0.00","-$15.00","","","","COMPLETE","lieberman baby gift","Mark Brown","Wells Fargo Bank"